rank,stress_cap,derisk_cap,panic_cap,override_scale,min_median_terminal,min_pass_rate_terminal,avg_full_terminal,avg_full_sharpe,worst_fold_maxdd,worst_stress_maxdd,full_candidate_maxdd,fold_margin,stress_margin,full_margin,min_margin,wealth_dd_ratio,robust_score
1,0.16,0.3,0.08,1.05,1.857690233656357,1.0,32.84849644403384,1.038934962843843,-0.10916856690477073,-0.2535937046373705,-0.27643869998416704,0.11083143309522928,0.012406295362629494,-0.005438699984167017,-0.005438699984167017,118.82741615379913,92.44279801358134
2,0.16,0.3,0.1,1.05,1.857690233656357,1.0,32.84849644403384,1.038934962843843,-0.10916856690477073,-0.2535937046373705,-0.27643869998416704,0.11083143309522928,0.012406295362629494,-0.005438699984167017,-0.005438699984167017,118.82741615379913,92.44279801358134
3,0.16,0.3,0.12,1.05,1.857690233656357,1.0,32.84849644403384,1.038934962843843,-0.10916856690477073,-0.2535937046373705,-0.27643869998416704,0.11083143309522928,0.012406295362629494,-0.005438699984167017,-0.005438699984167017,118.82741615379913,92.44279801358134
4,0.16,0.3,0.14,1.05,1.857690233656357,1.0,32.84849644403384,1.038934962843843,-0.10916856690477073,-0.2535937046373705,-0.27643869998416704,0.11083143309522928,0.012406295362629494,-0.005438699984167017,-0.005438699984167017,118.82741615379913,92.44279801358134
5,0.18,0.3,0.08,1.05,1.857690233656357,1.0,33.04198745037274,1.0283257782553983,-0.12198634484573123,-0.28077774394434374,-0.2804608911268476,0.09801365515426877,-0.014777743944343724,-0.00946089112684756,-0.014777743944343724,117.81317287274975,92.08035032267696
6,0.18,0.3,0.1,1.05,1.857690233656357,1.0,33.04198745037274,1.0283257782553983,-0.12198634484573123,-0.28077774394434374,-0.2804608911268476,0.09801365515426877,-0.014777743944343724,-0.00946089112684756,-0.014777743944343724,117.81317287274975,92.08035032267696
7,0.18,0.3,0.12,1.05,1.857690233656357,1.0,33.04198745037274,1.0283257782553983,-0.12198634484573123,-0.28077774394434374,-0.2804608911268476,0.09801365515426877,-0.014777743944343724,-0.00946089112684756,-0.014777743944343724,117.81317287274975,92.08035032267696
8,0.18,0.3,0.14,1.05,1.857690233656357,1.0,33.04198745037274,1.0283257782553983,-0.12198634484573123,-0.28077774394434374,-0.2804608911268476,0.09801365515426877,-0.014777743944343724,-0.00946089112684756,-0.014777743944343724,117.81317287274975,92.08035032267696
9,0.14,0.3,0.08,1.05,1.857690233656357,1.0,32.64573500881739,1.04837081496748,-0.09618675044793923,-0.22549466474687874,-0.27643869998416704,0.12381324955206077,0.04050533525312128,-0.005438699984167017,-0.005438699984167017,118.09393912895396,91.87518523636703
10,0.14,0.3,0.1,1.05,1.857690233656357,1.0,32.64573500881739,1.04837081496748,-0.09618675044793923,-0.22549466474687874,-0.27643869998416704,0.12381324955206077,0.04050533525312128,-0.005438699984167017,-0.005438699984167017,118.09393912895396,91.87518523636703
11,0.14,0.3,0.12,1.05,1.857690233656357,1.0,32.64573500881739,1.04837081496748,-0.09618675044793923,-0.22549466474687874,-0.27643869998416704,0.12381324955206077,0.04050533525312128,-0.005438699984167017,-0.005438699984167017,118.09393912895396,91.87518523636703
12,0.14,0.3,0.14,1.05,1.857690233656357,1.0,32.64573500881739,1.04837081496748,-0.09618675044793923,-0.22549466474687874,-0.27643869998416704,0.12381324955206077,0.04050533525312128,-0.005438699984167017,-0.005438699984167017,118.09393912895396,91.87518523636703
13,0.2,0.3,0.08,1.05,1.857690233656357,1.0,33.0155896787171,1.0279631026034406,-0.12208396749519335,-0.28153452185653316,-0.2812179784805837,0.09791603250480665,-0.015534521856533146,-0.0102179784805837,-0.015534521856533146,117.40213003841293,91.84457470916158
14,0.2,0.3,0.1,1.05,1.857690233656357,1.0,33.0155896787171,1.0279631026034406,-0.12208396749519335,-0.28153452185653316,-0.2812179784805837,0.09791603250480665,-0.015534521856533146,-0.0102179784805837,-0.015534521856533146,117.40213003841293,91.84457470916158
15,0.2,0.3,0.12,1.05,1.857690233656357,1.0,33.0155896787171,1.0279631026034406,-0.12208396749519335,-0.28153452185653316,-0.2812179784805837,0.09791603250480665,-0.015534521856533146,-0.0102179784805837,-0.015534521856533146,117.40213003841293,91.84457470916158
16,0.2,0.3,0.14,1.05,1.857690233656357,1.0,33.0155896787171,1.0279631026034406,-0.12208396749519335,-0.28153452185653316,-0.2812179784805837,0.09791603250480665,-0.015534521856533146,-0.0102179784805837,-0.015534521856533146,117.40213003841293,91.84457470916158
17,0.12,0.3,0.08,1.05,1.857690233656357,1.0,32.433869255524755,1.0565017531644023,-0.08303912055314733,-0.19645453860621476,-0.27643869998416704,0.13696087944685267,0.06954546139378526,-0.005438699984167017,-0.005438699984167017,117.32752779325904,91.28174000286631
18,0.12,0.3,0.1,1.05,1.857690233656357,1.0,32.433869255524755,1.0565017531644023,-0.08303912055314733,-0.19645453860621476,-0.27643869998416704,0.13696087944685267,0.06954546139378526,-0.005438699984167017,-0.005438699984167017,117.32752779325904,91.28174000286631
19,0.12,0.3,0.12,1.05,1.857690233656357,1.0,32.433869255524755,1.0565017531644023,-0.08303912055314733,-0.19645453860621476,-0.27643869998416704,0.13696087944685267,0.06954546139378526,-0.005438699984167017,-0.005438699984167017,117.32752779325904,91.28174000286631
20,0.12,0.3,0.14,1.05,1.857690233656357,1.0,32.433869255524755,1.0565017531644023,-0.08303912055314733,-0.19645453860621476,-0.27643869998416704,0.13696087944685267,0.06954546139378526,-0.005438699984167017,-0.005438699984167017,117.32752779325904,91.28174000286631
21,0.16,0.3,0.08,1.0,1.8350321363048376,1.0,30.8432537278925,1.0400848252785262,-0.10914617784325675,-0.2535937046373705,-0.26852152111364114,0.11085382215674325,0.012406295362629494,0.0024784788863588814,0.0024784788863588814,114.86324671473655,88.49528644474827
22,0.16,0.3,0.1,1.0,1.8350321363048376,1.0,30.8432537278925,1.0400848252785262,-0.10914617784325675,-0.2535937046373705,-0.26852152111364114,0.11085382215674325,0.012406295362629494,0.0024784788863588814,0.0024784788863588814,114.86324671473655,88.49528644474827
23,0.16,0.3,0.12,1.0,1.8350321363048376,1.0,30.8432537278925,1.0400848252785262,-0.10914617784325675,-0.2535937046373705,-0.26852152111364114,0.11085382215674325,0.012406295362629494,0.0024784788863588814,0.0024784788863588814,114.86324671473655,88.49528644474827
24,0.16,0.3,0.14,1.0,1.8350321363048376,1.0,30.8432537278925,1.0400848252785262,-0.10914617784325675,-0.2535937046373705,-0.26852152111364114,0.11085382215674325,0.012406295362629494,0.0024784788863588814,0.0024784788863588814,114.86324671473655,88.49528644474827
25,0.14,0.3,0.08,1.0,1.8350321363048376,1.0,30.652872787029043,1.0499783866833932,-0.0961640486902644,-0.22549466474687874,-0.26852152111364114,0.1238359513097356,0.04050533525312128,0.0024784788863588814,0.0024784788863588814,114.15424975958044,87.95238573858774
26,0.14,0.3,0.1,1.0,1.8350321363048376,1.0,30.652872787029043,1.0499783866833932,-0.0961640486902644,-0.22549466474687874,-0.26852152111364114,0.1238359513097356,0.04050533525312128,0.0024784788863588814,0.0024784788863588814,114.15424975958044,87.95238573858774
27,0.14,0.3,0.12,1.0,1.8350321363048376,1.0,30.652872787029043,1.0499783866833932,-0.0961640486902644,-0.22549466474687874,-0.26852152111364114,0.1238359513097356,0.04050533525312128,0.0024784788863588814,0.0024784788863588814,114.15424975958044,87.95238573858774
28,0.14,0.3,0.14,1.0,1.8350321363048376,1.0,30.652872787029043,1.0499783866833932,-0.0961640486902644,-0.22549466474687874,-0.26852152111364114,0.1238359513097356,0.04050533525312128,0.0024784788863588814,0.0024784788863588814,114.15424975958044,87.95238573858774
29,0.16,0.28,0.08,1.05,1.835619479493263,1.0,31.110211692661448,1.0334164642368098,-0.10916856690477095,-0.2535937046373705,-0.27643869998416704,0.11083143309522905,0.012406295362629494,-0.005438699984167017,-0.005438699984167017,112.53927794640649,87.55934045879121
30,0.16,0.28,0.1,1.05,1.835619479493263,1.0,31.110211692661448,1.0334164642368098,-0.10916856690477095,-0.2535937046373705,-0.27643869998416704,0.11083143309522905,0.012406295362629494,-0.005438699984167017,-0.005438699984167017,112.53927794640649,87.55934045879121
31,0.16,0.28,0.12,1.05,1.835619479493263,1.0,31.110211692661448,1.0334164642368098,-0.10916856690477095,-0.2535937046373705,-0.27643869998416704,0.11083143309522905,0.012406295362629494,-0.005438699984167017,-0.005438699984167017,112.53927794640649,87.55934045879121
32,0.16,0.28,0.14,1.05,1.835619479493263,1.0,31.110211692661448,1.0334164642368098,-0.10916856690477095,-0.2535937046373705,-0.27643869998416704,0.11083143309522905,0.012406295362629494,-0.005438699984167017,-0.005438699984167017,112.53927794640649,87.55934045879121
33,0.12,0.3,0.08,1.0,1.8350321363048376,1.0,30.45394326613635,1.05852536043654,-0.08301610231039902,-0.19645453860621476,-0.26852152111364114,0.13698389768960098,0.06954546139378526,0.0024784788863588814,0.0024784788863588814,113.41341706927066,87.3847492672908
34,0.12,0.3,0.1,1.0,1.8350321363048376,1.0,30.45394326613635,1.05852536043654,-0.08301610231039902,-0.19645453860621476,-0.26852152111364114,0.13698389768960098,0.06954546139378526,0.0024784788863588814,0.0024784788863588814,113.41341706927066,87.3847492672908
35,0.12,0.3,0.12,1.0,1.8350321363048376,1.0,30.45394326613635,1.05852536043654,-0.08301610231039902,-0.19645453860621476,-0.26852152111364114,0.13698389768960098,0.06954546139378526,0.0024784788863588814,0.0024784788863588814,113.41341706927066,87.3847492672908
36,0.12,0.3,0.14,1.0,1.8350321363048376,1.0,30.45394326613635,1.05852536043654,-0.08301610231039902,-0.19645453860621476,-0.26852152111364114,0.13698389768960098,0.06954546139378526,0.0024784788863588814,0.0024784788863588814,113.41341706927066,87.3847492672908
37,0.18,0.28,0.08,1.05,1.835619479493263,1.0,31.29346568194952,1.0226309157673996,-0.12198634484573156,-0.28077774394434374,-0.2804464691070878,0.09801365515426844,-0.014777743944343724,-0.009446469107087796,-0.014777743944343724,111.58445239686789,87.21632934381522
38,0.18,0.28,0.1,1.05,1.835619479493263,1.0,31.29346568194952,1.0226309157673996,-0.12198634484573156,-0.28077774394434374,-0.2804464691070878,0.09801365515426844,-0.014777743944343724,-0.009446469107087796,-0.014777743944343724,111.58445239686789,87.21632934381522
39,0.18,0.28,0.12,1.05,1.835619479493263,1.0,31.29346568194952,1.0226309157673996,-0.12198634484573156,-0.28077774394434374,-0.2804464691070878,0.09801365515426844,-0.014777743944343724,-0.009446469107087796,-0.014777743944343724,111.58445239686789,87.21632934381522
40,0.18,0.28,0.14,1.05,1.835619479493263,1.0,31.29346568194952,1.0226309157673996,-0.12198634484573156,-0.28077774394434374,-0.2804464691070878,0.09801365515426844,-0.014777743944343724,-0.009446469107087796,-0.014777743944343724,111.58445239686789,87.21632934381522
41,0.18,0.3,0.08,1.0,1.8350321363048376,1.0,30.969348070813577,1.0320237268571808,-0.1183221072096029,-0.27654824654814536,-0.27622953042878906,0.1016778927903971,-0.010548246548145346,-0.005229530428789042,-0.010548246548145346,112.11454482343031,87.18028399515943
42,0.18,0.3,0.1,1.0,1.8350321363048376,1.0,30.969348070813577,1.0320237268571808,-0.1183221072096029,-0.27654824654814536,-0.27622953042878906,0.1016778927903971,-0.010548246548145346,-0.005229530428789042,-0.010548246548145346,112.11454482343031,87.18028399515943
43,0.18,0.3,0.12,1.0,1.8350321363048376,1.0,30.969348070813577,1.0320237268571808,-0.1183221072096029,-0.27654824654814536,-0.27622953042878906,0.1016778927903971,-0.010548246548145346,-0.005229530428789042,-0.010548246548145346,112.11454482343031,87.18028399515943
44,0.18,0.3,0.14,1.0,1.8350321363048376,1.0,30.969348070813577,1.0320237268571808,-0.1183221072096029,-0.27654824654814536,-0.27622953042878906,0.1016778927903971,-0.010548246548145346,-0.005229530428789042,-0.010548246548145346,112.11454482343031,87.18028399515943
45,0.14,0.28,0.08,1.05,1.835619479493263,1.0,30.91817787536569,1.043018911511519,-0.096186750447939,-0.22549466474687874,-0.27643869998416704,0.123813249552061,0.04050533525312128,-0.005438699984167017,-0.005438699984167017,111.8446074197879,87.0218918676411
46,0.14,0.28,0.1,1.05,1.835619479493263,1.0,30.91817787536569,1.043018911511519,-0.096186750447939,-0.22549466474687874,-0.27643869998416704,0.123813249552061,0.04050533525312128,-0.005438699984167017,-0.005438699984167017,111.8446074197879,87.0218918676411
47,0.14,0.28,0.12,1.05,1.835619479493263,1.0,30.91817787536569,1.043018911511519,-0.096186750447939,-0.22549466474687874,-0.27643869998416704,0.123813249552061,0.04050533525312128,-0.005438699984167017,-0.005438699984167017,111.8446074197879,87.0218918676411
48,0.14,0.28,0.14,1.05,1.835619479493263,1.0,30.91817787536569,1.043018911511519,-0.096186750447939,-0.22549466474687874,-0.27643869998416704,0.123813249552061,0.04050533525312128,-0.005438699984167017,-0.005438699984167017,111.8446074197879,87.0218918676411
49,0.2,0.28,0.08,1.05,1.835619479493263,1.0,31.268463028023255,1.0222638498636818,-0.12208396749519379,-0.28153452185653316,-0.2812035686413721,0.09791603250480621,-0.015534521856533146,-0.010203568641372063,-0.015534521856533146,111.19511455383032,86.99280046562848
50,0.2,0.28,0.1,1.05,1.835619479493263,1.0,31.268463028023255,1.0222638498636818,-0.12208396749519379,-0.28153452185653316,-0.2812035686413721,0.09791603250480621,-0.015534521856533146,-0.010203568641372063,-0.015534521856533146,111.19511455383032,86.99280046562848
51,0.2,0.28,0.12,1.05,1.835619479493263,1.0,31.268463028023255,1.0222638498636818,-0.12208396749519379,-0.28153452185653316,-0.2812035686413721,0.09791603250480621,-0.015534521856533146,-0.010203568641372063,-0.015534521856533146,111.19511455383032,86.99280046562848
52,0.2,0.28,0.14,1.05,1.835619479493263,1.0,31.268463028023255,1.0222638498636818,-0.12208396749519379,-0.28153452185653316,-0.2812035686413721,0.09791603250480621,-0.015534521856533146,-0.010203568641372063,-0.015534521856533146,111.19511455383032,86.99280046562848
53,0.2,0.3,0.08,1.0,1.8350321363048376,1.0,30.943487068401158,1.031735621333742,-0.1183221072096029,-0.27718787116745724,-0.27686941273292187,0.1016778927903971,-0.01118787116745723,-0.005869412732921853,-0.01118787116745723,111.76202803684332,86.97490885525228
54,0.2,0.3,0.1,1.0,1.8350321363048376,1.0,30.943487068401158,1.031735621333742,-0.1183221072096029,-0.27718787116745724,-0.27686941273292187,0.1016778927903971,-0.01118787116745723,-0.005869412732921853,-0.01118787116745723,111.76202803684332,86.97490885525228
55,0.2,0.3,0.12,1.0,1.8350321363048376,1.0,30.943487068401158,1.031735621333742,-0.1183221072096029,-0.27718787116745724,-0.27686941273292187,0.1016778927903971,-0.01118787116745723,-0.005869412732921853,-0.01118787116745723,111.76202803684332,86.97490885525228
56,0.2,0.3,0.14,1.0,1.8350321363048376,1.0,30.943487068401158,1.031735621333742,-0.1183221072096029,-0.27718787116745724,-0.27686941273292187,0.1016778927903971,-0.01118787116745723,-0.005869412732921853,-0.01118787116745723,111.76202803684332,86.97490885525228
57,0.12,0.28,0.08,1.05,1.835619479493263,1.0,30.71752155239392,1.0513020830469668,-0.0830391205531471,-0.19645453860621476,-0.27643869998416704,0.1369608794468529,0.06954546139378526,-0.005438699984167017,-0.005438699984167017,111.1187455090523,86.45996122360862
58,0.12,0.28,0.1,1.05,1.835619479493263,1.0,30.71752155239392,1.0513020830469668,-0.0830391205531471,-0.19645453860621476,-0.27643869998416704,0.1369608794468529,0.06954546139378526,-0.005438699984167017,-0.005438699984167017,111.1187455090523,86.45996122360862
59,0.12,0.28,0.12,1.05,1.835619479493263,1.0,30.71752155239392,1.0513020830469668,-0.0830391205531471,-0.19645453860621476,-0.27643869998416704,0.1369608794468529,0.06954546139378526,-0.005438699984167017,-0.005438699984167017,111.1187455090523,86.45996122360862
60,0.12,0.28,0.14,1.05,1.835619479493263,1.0,30.71752155239392,1.0513020830469668,-0.0830391205531471,-0.19645453860621476,-0.27643869998416704,0.1369608794468529,0.06954546139378526,-0.005438699984167017,-0.005438699984167017,111.1187455090523,86.45996122360862
61,0.16,0.3,0.08,0.95,1.8125469292711491,1.0,28.94594703565334,1.040559414971109,-0.10912378878174245,-0.2535937046373705,-0.26054622201572375,0.11087621121825755,0.012406295362629494,0.010453777984276269,0.010453777984276269,111.09716660526544,84.75491111120166
62,0.16,0.3,0.1,0.95,1.8125469292711491,1.0,28.94594703565334,1.040559414971109,-0.10912378878174245,-0.2535937046373705,-0.26054622201572375,0.11087621121825755,0.012406295362629494,0.010453777984276269,0.010453777984276269,111.09716660526544,84.75491111120166
63,0.16,0.3,0.12,0.95,1.8125469292711491,1.0,28.94594703565334,1.040559414971109,-0.10912378878174245,-0.2535937046373705,-0.26054622201572375,0.11087621121825755,0.012406295362629494,0.010453777984276269,0.010453777984276269,111.09716660526544,84.75491111120166
64,0.16,0.3,0.14,0.95,1.8125469292711491,1.0,28.94594703565334,1.040559414971109,-0.10912378878174245,-0.2535937046373705,-0.26054622201572375,0.11087621121825755,0.012406295362629494,0.010453777984276269,0.010453777984276269,111.09716660526544,84.75491111120166
65,0.14,0.3,0.08,0.95,1.8125469292711491,1.0,28.767280157801572,1.0509185363782532,-0.09614134693259024,-0.22549466474687874,-0.26054622201572375,0.12385865306740976,0.04050533525312128,0.010453777984276269,0.010453777984276269,110.41142694468044,84.23544622733881
66,0.14,0.3,0.1,0.95,1.8125469292711491,1.0,28.767280157801572,1.0509185363782532,-0.09614134693259024,-0.22549466474687874,-0.26054622201572375,0.12385865306740976,0.04050533525312128,0.010453777984276269,0.010453777984276269,110.41142694468044,84.23544622733881
67,0.14,0.3,0.12,0.95,1.8125469292711491,1.0,28.767280157801572,1.0509185363782532,-0.09614134693259024,-0.22549466474687874,-0.26054622201572375,0.12385865306740976,0.04050533525312128,0.010453777984276269,0.010453777984276269,110.41142694468044,84.23544622733881
68,0.14,0.3,0.14,0.95,1.8125469292711491,1.0,28.767280157801572,1.0509185363782532,-0.09614134693259024,-0.22549466474687874,-0.26054622201572375,0.12385865306740976,0.04050533525312128,0.010453777984276269,0.010453777984276269,110.41142694468044,84.23544622733881
69,0.16,0.28,0.08,1.0,1.8132311934096221,1.0,29.210983047702292,1.034698895745341,-0.10914617784325642,-0.2535937046373705,-0.26852152111364114,0.11085382215674358,0.012406295362629494,0.0024784788863588814,0.0024784788863588814,108.78451353379566,83.822571988181
70,0.16,0.28,0.1,1.0,1.8132311934096221,1.0,29.210983047702292,1.034698895745341,-0.10914617784325642,-0.2535937046373705,-0.26852152111364114,0.11085382215674358,0.012406295362629494,0.0024784788863588814,0.0024784788863588814,108.78451353379566,83.822571988181
71,0.16,0.28,0.12,1.0,1.8132311934096221,1.0,29.210983047702292,1.034698895745341,-0.10914617784325642,-0.2535937046373705,-0.26852152111364114,0.11085382215674358,0.012406295362629494,0.0024784788863588814,0.0024784788863588814,108.78451353379566,83.822571988181
72,0.16,0.28,0.14,1.0,1.8132311934096221,1.0,29.210983047702292,1.034698895745341,-0.10914617784325642,-0.2535937046373705,-0.26852152111364114,0.11085382215674358,0.012406295362629494,0.0024784788863588814,0.0024784788863588814,108.78451353379566,83.822571988181
73,0.12,0.3,0.08,0.95,1.8125469292711491,1.0,28.58059052463393,1.0598901114226122,-0.08299308406765082,-0.19645453860621476,-0.26054622201572375,0.13700691593234918,0.06954546139378526,0.010453777984276269,0.010453777984276269,109.69489522250342,83.69228504809155
74,0.12,0.3,0.1,0.95,1.8125469292711491,1.0,28.58059052463393,1.0598901114226122,-0.08299308406765082,-0.19645453860621476,-0.26054622201572375,0.13700691593234918,0.06954546139378526,0.010453777984276269,0.010453777984276269,109.69489522250342,83.69228504809155
75,0.12,0.3,0.12,0.95,1.8125469292711491,1.0,28.58059052463393,1.0598901114226122,-0.08299308406765082,-0.19645453860621476,-0.26054622201572375,0.13700691593234918,0.06954546139378526,0.010453777984276269,0.010453777984276269,109.69489522250342,83.69228504809155
76,0.12,0.3,0.14,0.95,1.8125469292711491,1.0,28.58059052463393,1.0598901114226122,-0.08299308406765082,-0.19645453860621476,-0.26054622201572375,0.13700691593234918,0.06954546139378526,0.010453777984276269,0.010453777984276269,109.69489522250342,83.69228504809155
77,0.14,0.28,0.08,1.0,1.8132311934096221,1.0,29.030675319084867,1.04477876190032,-0.09616404869026485,-0.22549466474687874,-0.26852152111364114,0.12383595130973515,0.04050533525312128,0.0024784788863588814,0.0024784788863588814,108.11303019097221,83.30853856138283
78,0.14,0.28,0.1,1.0,1.8132311934096221,1.0,29.030675319084867,1.04477876190032,-0.09616404869026485,-0.22549466474687874,-0.26852152111364114,0.12383595130973515,0.04050533525312128,0.0024784788863588814,0.0024784788863588814,108.11303019097221,83.30853856138283
79,0.14,0.28,0.12,1.0,1.8132311934096221,1.0,29.030675319084867,1.04477876190032,-0.09616404869026485,-0.22549466474687874,-0.26852152111364114,0.12383595130973515,0.04050533525312128,0.0024784788863588814,0.0024784788863588814,108.11303019097221,83.30853856138283
80,0.14,0.28,0.14,1.0,1.8132311934096221,1.0,29.030675319084867,1.04477876190032,-0.09616404869026485,-0.22549466474687874,-0.26852152111364114,0.12383595130973515,0.04050533525312128,0.0024784788863588814,0.0024784788863588814,108.11303019097221,83.30853856138283
81,0.12,0.28,0.08,1.0,1.8132311934096221,1.0,28.8422714401298,1.0534965377078689,-0.08301610231039924,-0.19645453860621476,-0.26852152111364114,0.13698389768960076,0.06954546139378526,0.0024784788863588814,0.0024784788863588814,107.4113960047301,82.77106114446822
82,0.12,0.28,0.1,1.0,1.8132311934096221,1.0,28.8422714401298,1.0534965377078689,-0.08301610231039924,-0.19645453860621476,-0.26852152111364114,0.13698389768960076,0.06954546139378526,0.0024784788863588814,0.0024784788863588814,107.4113960047301,82.77106114446822
83,0.12,0.28,0.12,1.0,1.8132311934096221,1.0,28.8422714401298,1.0534965377078689,-0.08301610231039924,-0.19645453860621476,-0.26852152111364114,0.13698389768960076,0.06954546139378526,0.0024784788863588814,0.0024784788863588814,107.4113960047301,82.77106114446822
84,0.12,0.28,0.14,1.0,1.8132311934096221,1.0,28.8422714401298,1.0534965377078689,-0.08301610231039924,-0.19645453860621476,-0.26852152111364114,0.13698389768960076,0.06954546139378526,0.0024784788863588814,0.0024784788863588814,107.4113960047301,82.77106114446822
85,0.18,0.28,0.08,1.0,1.8132311934096221,1.0,29.3304015106179,1.0264942537894481,-0.11832210720960268,-0.27654824654814536,-0.27621502359811967,0.10167789279039732,-0.010548246548145346,-0.00521502359811965,-0.010548246548145346,106.18684359939923,82.57638092833467
86,0.18,0.28,0.1,1.0,1.8132311934096221,1.0,29.3304015106179,1.0264942537894481,-0.11832210720960268,-0.27654824654814536,-0.27621502359811967,0.10167789279039732,-0.010548246548145346,-0.00521502359811965,-0.010548246548145346,106.18684359939923,82.57638092833467
87,0.18,0.28,0.12,1.0,1.8132311934096221,1.0,29.3304015106179,1.0264942537894481,-0.11832210720960268,-0.27654824654814536,-0.27621502359811967,0.10167789279039732,-0.010548246548145346,-0.00521502359811965,-0.010548246548145346,106.18684359939923,82.57638092833467
88,0.18,0.28,0.14,1.0,1.8132311934096221,1.0,29.3304015106179,1.0264942537894481,-0.11832210720960268,-0.27654824654814536,-0.27621502359811967,0.10167789279039732,-0.010548246548145346,-0.00521502359811965,-0.010548246548145346,106.18684359939923,82.57638092833467
89,0.18,0.3,0.08,0.95,1.8125469292711491,1.0,29.009786732893595,1.0352427217441889,-0.11454735328581267,-0.2721944276112127,-0.27187379342023876,0.10545264671418733,-0.006194427611212694,-0.0008737934202387443,-0.006194427611212694,106.70313739306532,82.53743183571903
90,0.18,0.3,0.1,0.95,1.8125469292711491,1.0,29.009786732893595,1.0352427217441889,-0.11454735328581267,-0.2721944276112127,-0.27187379342023876,0.10545264671418733,-0.006194427611212694,-0.0008737934202387443,-0.006194427611212694,106.70313739306532,82.53743183571903
91,0.18,0.3,0.12,0.95,1.8125469292711491,1.0,29.009786732893595,1.0352427217441889,-0.11454735328581267,-0.2721944276112127,-0.27187379342023876,0.10545264671418733,-0.006194427611212694,-0.0008737934202387443,-0.006194427611212694,106.70313739306532,82.53743183571903
92,0.18,0.3,0.14,0.95,1.8125469292711491,1.0,29.009786732893595,1.0352427217441889,-0.11454735328581267,-0.2721944276112127,-0.27187379342023876,0.10545264671418733,-0.006194427611212694,-0.0008737934202387443,-0.006194427611212694,106.70313739306532,82.53743183571903
93,0.2,0.28,0.08,1.0,1.8132311934096221,1.0,29.305907547772488,1.026202809791504,-0.11832210720960268,-0.27718787116745724,-0.27685491571549525,0.10167789279039732,-0.01118787116745723,-0.005854915715495235,-0.01118787116745723,105.85294276619655,82.38168013699179
94,0.2,0.28,0.1,1.0,1.8132311934096221,1.0,29.305907547772488,1.026202809791504,-0.11832210720960268,-0.27718787116745724,-0.27685491571549525,0.10167789279039732,-0.01118787116745723,-0.005854915715495235,-0.01118787116745723,105.85294276619655,82.38168013699179
95,0.2,0.28,0.12,1.0,1.8132311934096221,1.0,29.305907547772488,1.026202809791504,-0.11832210720960268,-0.27718787116745724,-0.27685491571549525,0.10167789279039732,-0.01118787116745723,-0.005854915715495235,-0.01118787116745723,105.85294276619655,82.38168013699179
96,0.2,0.28,0.14,1.0,1.8132311934096221,1.0,29.305907547772488,1.026202809791504,-0.11832210720960268,-0.27718787116745724,-0.27685491571549525,0.10167789279039732,-0.01118787116745723,-0.005854915715495235,-0.01118787116745723,105.85294276619655,82.38168013699179
97,0.2,0.3,0.08,0.95,1.8125469292711491,1.0,28.98556478195261,1.0349466125466278,-0.11454735328581267,-0.2728379017915923,-0.27251752683631436,0.10545264671418733,-0.006837901791592271,-0.0015175268363143424,-0.006837901791592271,106.36220399637847,82.3394665936932
98,0.2,0.3,0.1,0.95,1.8125469292711491,1.0,28.98556478195261,1.0349466125466278,-0.11454735328581267,-0.2728379017915923,-0.27251752683631436,0.10545264671418733,-0.006837901791592271,-0.0015175268363143424,-0.006837901791592271,106.36220399637847,82.3394665936932
99,0.2,0.3,0.12,0.95,1.8125469292711491,1.0,28.98556478195261,1.0349466125466278,-0.11454735328581267,-0.2728379017915923,-0.27251752683631436,0.10545264671418733,-0.006837901791592271,-0.0015175268363143424,-0.006837901791592271,106.36220399637847,82.3394665936932
100,0.2,0.3,0.14,0.95,1.8125469292711491,1.0,28.98556478195261,1.0349466125466278,-0.11454735328581267,-0.2728379017915923,-0.27251752683631436,0.10545264671418733,-0.006837901791592271,-0.0015175268363143424,-0.006837901791592271,106.36220399637847,82.3394665936932
101,0.16,0.28,0.08,0.95,1.7910137286739896,1.0,27.41398436393134,1.035310316512837,-0.109123788781743,-0.2535937046373705,-0.26054622201572375,0.110876211218257,0.012406295362629494,0.010453777984276269,0.010453777984276269,105.21735510821159,80.28199287126108
102,0.16,0.28,0.1,0.95,1.7910137286739896,1.0,27.41398436393134,1.035310316512837,-0.109123788781743,-0.2535937046373705,-0.26054622201572375,0.110876211218257,0.012406295362629494,0.010453777984276269,0.010453777984276269,105.21735510821159,80.28199287126108
103,0.16,0.28,0.12,0.95,1.7910137286739896,1.0,27.41398436393134,1.035310316512837,-0.109123788781743,-0.2535937046373705,-0.26054622201572375,0.110876211218257,0.012406295362629494,0.010453777984276269,0.010453777984276269,105.21735510821159,80.28199287126108
104,0.16,0.28,0.14,0.95,1.7910137286739896,1.0,27.41398436393134,1.035310316512837,-0.109123788781743,-0.2535937046373705,-0.26054622201572375,0.110876211218257,0.012406295362629494,0.010453777984276269,0.010453777984276269,105.21735510821159,80.28199287126108
105,0.14,0.28,0.08,0.95,1.7910137286739896,1.0,27.244771516608346,1.0458770098772618,-0.09614134693259013,-0.22549466474687874,-0.26054622201572375,0.12385865306740987,0.04050533525312128,0.010453777984276269,0.010453777984276269,104.56790087312855,79.79016624506946
106,0.14,0.28,0.1,0.95,1.7910137286739896,1.0,27.244771516608346,1.0458770098772618,-0.09614134693259013,-0.22549466474687874,-0.26054622201572375,0.12385865306740987,0.04050533525312128,0.010453777984276269,0.010453777984276269,104.56790087312855,79.79016624506946
107,0.14,0.28,0.12,0.95,1.7910137286739896,1.0,27.244771516608346,1.0458770098772618,-0.09614134693259013,-0.22549466474687874,-0.26054622201572375,0.12385865306740987,0.04050533525312128,0.010453777984276269,0.010453777984276269,104.56790087312855,79.79016624506946
108,0.14,0.28,0.14,0.95,1.7910137286739896,1.0,27.244771516608346,1.0458770098772618,-0.09614134693259013,-0.22549466474687874,-0.26054622201572375,0.12385865306740987,0.04050533525312128,0.010453777984276269,0.010453777984276269,104.56790087312855,79.79016624506946
109,0.12,0.28,0.08,0.95,1.7910137286739896,1.0,27.067960542418955,1.055039510820294,-0.08299308406765071,-0.19645453860621476,-0.26054622201572375,0.1370069159323493,0.06954546139378526,0.010453777984276269,0.010453777984276269,103.88928433890484,79.27587950395682
110,0.12,0.28,0.1,0.95,1.7910137286739896,1.0,27.067960542418955,1.055039510820294,-0.08299308406765071,-0.19645453860621476,-0.26054622201572375,0.1370069159323493,0.06954546139378526,0.010453777984276269,0.010453777984276269,103.88928433890484,79.27587950395682
111,0.12,0.28,0.12,0.95,1.7910137286739896,1.0,27.067960542418955,1.055039510820294,-0.08299308406765071,-0.19645453860621476,-0.26054622201572375,0.1370069159323493,0.06954546139378526,0.010453777984276269,0.010453777984276269,103.88928433890484,79.27587950395682
112,0.12,0.28,0.14,0.95,1.7910137286739896,1.0,27.067960542418955,1.055039510820294,-0.08299308406765071,-0.19645453860621476,-0.26054622201572375,0.1370069159323493,0.06954546139378526,0.010453777984276269,0.010453777984276269,103.88928433890484,79.27587950395682
113,0.16,0.24,0.08,1.05,1.7921372736356969,1.0,27.892158108183686,1.0200402579811012,-0.10916856690477061,-0.2535937046373705,-0.27643869998416704,0.11083143309522939,0.012406295362629494,-0.005438699984167017,-0.005438699984167017,100.89816697076496,78.51805614524154
114,0.16,0.24,0.1,1.05,1.7921372736356969,1.0,27.892158108183686,1.0200402579811012,-0.10916856690477061,-0.2535937046373705,-0.27643869998416704,0.11083143309522939,0.012406295362629494,-0.005438699984167017,-0.005438699984167017,100.89816697076496,78.51805614524154
115,0.16,0.24,0.12,1.05,1.7921372736356969,1.0,27.892158108183686,1.0200402579811012,-0.10916856690477061,-0.2535937046373705,-0.27643869998416704,0.11083143309522939,0.012406295362629494,-0.005438699984167017,-0.005438699984167017,100.89816697076496,78.51805614524154
116,0.16,0.24,0.14,1.05,1.7921372736356969,1.0,27.892158108183686,1.0200402579811012,-0.10916856690477061,-0.2535937046373705,-0.27643869998416704,0.11083143309522939,0.012406295362629494,-0.005438699984167017,-0.005438699984167017,100.89816697076496,78.51805614524154
117,0.18,0.24,0.08,1.05,1.7921372736356969,1.0,28.05646014901268,1.008964999983617,-0.12198634484573134,-0.28077774394434374,-0.28041762506757095,0.09801365515426866,-0.014777743944343724,-0.009417625067570934,-0.014777743944343724,100.05241340394365,78.21057113125951
118,0.18,0.24,0.1,1.05,1.7921372736356969,1.0,28.05646014901268,1.008964999983617,-0.12198634484573134,-0.28077774394434374,-0.28041762506757095,0.09801365515426866,-0.014777743944343724,-0.009417625067570934,-0.014777743944343724,100.05241340394365,78.21057113125951
119,0.18,0.24,0.12,1.05,1.7921372736356969,1.0,28.05646014901268,1.008964999983617,-0.12198634484573134,-0.28077774394434374,-0.28041762506757095,0.09801365515426866,-0.014777743944343724,-0.009417625067570934,-0.014777743944343724,100.05241340394365,78.21057113125951
120,0.18,0.24,0.14,1.05,1.7921372736356969,1.0,28.05646014901268,1.008964999983617,-0.12198634484573134,-0.28077774394434374,-0.28041762506757095,0.09801365515426866,-0.014777743944343724,-0.009417625067570934,-0.014777743944343724,100.05241340394365,78.21057113125951
121,0.18,0.28,0.08,0.95,1.7910137286739896,1.0,27.47443809966083,1.0298929709371392,-0.11454735328581256,-0.2721944276112127,-0.27185919928573044,0.10545264671418744,-0.006194427611212694,-0.0008591992857304165,-0.006194427611212694,101.06127794036702,78.1800835259757
122,0.18,0.28,0.1,0.95,1.7910137286739896,1.0,27.47443809966083,1.0298929709371392,-0.11454735328581256,-0.2721944276112127,-0.27185919928573044,0.10545264671418744,-0.006194427611212694,-0.0008591992857304165,-0.006194427611212694,101.06127794036702,78.1800835259757
123,0.18,0.28,0.12,0.95,1.7910137286739896,1.0,27.47443809966083,1.0298929709371392,-0.11454735328581256,-0.2721944276112127,-0.27185919928573044,0.10545264671418744,-0.006194427611212694,-0.0008591992857304165,-0.006194427611212694,101.06127794036702,78.1800835259757
124,0.18,0.28,0.14,0.95,1.7910137286739896,1.0,27.47443809966083,1.0298929709371392,-0.11454735328581256,-0.2721944276112127,-0.27185919928573044,0.10545264671418744,-0.006194427611212694,-0.0008591992857304165,-0.006194427611212694,101.06127794036702,78.1800835259757
125,0.14,0.24,0.08,1.05,1.7921372736356969,1.0,27.719984475226227,1.029918465224775,-0.09618675044793856,-0.22549466474687874,-0.27643869998416704,0.12381324955206144,0.04050533525312128,-0.005438699984167017,-0.005438699984167017,100.27533943986093,78.03644438828081
126,0.14,0.24,0.1,1.05,1.7921372736356969,1.0,27.719984475226227,1.029918465224775,-0.09618675044793856,-0.22549466474687874,-0.27643869998416704,0.12381324955206144,0.04050533525312128,-0.005438699984167017,-0.005438699984167017,100.27533943986093,78.03644438828081
127,0.14,0.24,0.12,1.05,1.7921372736356969,1.0,27.719984475226227,1.029918465224775,-0.09618675044793856,-0.22549466474687874,-0.27643869998416704,0.12381324955206144,0.04050533525312128,-0.005438699984167017,-0.005438699984167017,100.27533943986093,78.03644438828081
128,0.14,0.24,0.14,1.05,1.7921372736356969,1.0,27.719984475226227,1.029918465224775,-0.09618675044793856,-0.22549466474687874,-0.27643869998416704,0.12381324955206144,0.04050533525312128,-0.005438699984167017,-0.005438699984167017,100.27533943986093,78.03644438828081
129,0.2,0.24,0.08,1.05,1.7921372736356969,1.0,28.03404054209809,1.0085901658230276,-0.12208396749519335,-0.28153452185653316,-0.2811747489629479,0.09791603250480665,-0.015534521856533146,-0.0101747489629479,-0.015534521856533146,99.70326512425305,78.00971852810656
130,0.2,0.24,0.1,1.05,1.7921372736356969,1.0,28.03404054209809,1.0085901658230276,-0.12208396749519335,-0.28153452185653316,-0.2811747489629479,0.09791603250480665,-0.015534521856533146,-0.0101747489629479,-0.015534521856533146,99.70326512425305,78.00971852810656
131,0.2,0.24,0.12,1.05,1.7921372736356969,1.0,28.03404054209809,1.0085901658230276,-0.12208396749519335,-0.28153452185653316,-0.2811747489629479,0.09791603250480665,-0.015534521856533146,-0.0101747489629479,-0.015534521856533146,99.70326512425305,78.00971852810656
132,0.2,0.24,0.14,1.05,1.7921372736356969,1.0,28.03404054209809,1.0085901658230276,-0.12208396749519335,-0.28153452185653316,-0.2811747489629479,0.09791603250480665,-0.015534521856533146,-0.0101747489629479,-0.015534521856533146,99.70326512425305,78.00971852810656
133,0.2,0.28,0.08,0.95,1.7910137286739896,1.0,27.451496634028,1.029593234024023,-0.11454735328581256,-0.2728379017915923,-0.27250294257411234,0.10545264671418744,-0.006837901791592271,-0.0015029425741123204,-0.006837901791592271,100.73834937236337,77.99240045805652
134,0.2,0.28,0.1,0.95,1.7910137286739896,1.0,27.451496634028,1.029593234024023,-0.11454735328581256,-0.2728379017915923,-0.27250294257411234,0.10545264671418744,-0.006837901791592271,-0.0015029425741123204,-0.006837901791592271,100.73834937236337,77.99240045805652
135,0.2,0.28,0.12,0.95,1.7910137286739896,1.0,27.451496634028,1.029593234024023,-0.11454735328581256,-0.2728379017915923,-0.27250294257411234,0.10545264671418744,-0.006837901791592271,-0.0015029425741123204,-0.006837901791592271,100.73834937236337,77.99240045805652
136,0.2,0.28,0.14,0.95,1.7910137286739896,1.0,27.451496634028,1.029593234024023,-0.11454735328581256,-0.2728379017915923,-0.27250294257411234,0.10545264671418744,-0.006837901791592271,-0.0015029425741123204,-0.006837901791592271,100.73834937236337,77.99240045805652
137,0.12,0.24,0.08,1.05,1.7921372736356969,1.0,27.54008030225139,1.0384550555453589,-0.08303912055314744,-0.19645453860621476,-0.27643869998416704,0.13696087944685256,0.06954546139378526,-0.005438699984167017,-0.005438699984167017,99.62454715576634,77.5328513913228
138,0.12,0.24,0.1,1.05,1.7921372736356969,1.0,27.54008030225139,1.0384550555453589,-0.08303912055314744,-0.19645453860621476,-0.27643869998416704,0.13696087944685256,0.06954546139378526,-0.005438699984167017,-0.005438699984167017,99.62454715576634,77.5328513913228
139,0.12,0.24,0.12,1.05,1.7921372736356969,1.0,27.54008030225139,1.0384550555453589,-0.08303912055314744,-0.19645453860621476,-0.27643869998416704,0.13696087944685256,0.06954546139378526,-0.005438699984167017,-0.005438699984167017,99.62454715576634,77.5328513913228
140,0.12,0.24,0.14,1.05,1.7921372736356969,1.0,27.54008030225139,1.0384550555453589,-0.08303912055314744,-0.19645453860621476,-0.27643869998416704,0.13696087944685256,0.06954546139378526,-0.005438699984167017,-0.005438699984167017,99.62454715576634,77.5328513913228
141,0.16,0.24,0.08,1.0,1.7702805203987464,1.0,26.18920741510225,1.0215079651251486,-0.10914617784325664,-0.2535937046373705,-0.26852152111364114,0.11085382215674336,0.012406295362629494,0.0024784788863588814,0.0024784788863588814,97.53113011756962,75.1714664613439
142,0.16,0.24,0.1,1.0,1.7702805203987464,1.0,26.18920741510225,1.0215079651251486,-0.10914617784325664,-0.2535937046373705,-0.26852152111364114,0.11085382215674336,0.012406295362629494,0.0024784788863588814,0.0024784788863588814,97.53113011756962,75.1714664613439
143,0.16,0.24,0.12,1.0,1.7702805203987464,1.0,26.18920741510225,1.0215079651251486,-0.10914617784325664,-0.2535937046373705,-0.26852152111364114,0.11085382215674336,0.012406295362629494,0.0024784788863588814,0.0024784788863588814,97.53113011756962,75.1714664613439
144,0.16,0.24,0.14,1.0,1.7702805203987464,1.0,26.18920741510225,1.0215079651251486,-0.10914617784325664,-0.2535937046373705,-0.26852152111364114,0.11085382215674336,0.012406295362629494,0.0024784788863588814,0.0024784788863588814,97.53113011756962,75.1714664613439
145,0.14,0.24,0.08,1.0,1.7702805203987464,1.0,26.027548261258953,1.031899655118593,-0.09616404869026474,-0.22549466474687874,-0.26852152111364114,0.12383595130973526,0.04050533525312128,0.0024784788863588814,0.0024784788863588814,96.92909586283709,74.71086851813301
146,0.14,0.24,0.1,1.0,1.7702805203987464,1.0,26.027548261258953,1.031899655118593,-0.09616404869026474,-0.22549466474687874,-0.26852152111364114,0.12383595130973526,0.04050533525312128,0.0024784788863588814,0.0024784788863588814,96.92909586283709,74.71086851813301
147,0.14,0.24,0.12,1.0,1.7702805203987464,1.0,26.027548261258953,1.031899655118593,-0.09616404869026474,-0.22549466474687874,-0.26852152111364114,0.12383595130973526,0.04050533525312128,0.0024784788863588814,0.0024784788863588814,96.92909586283709,74.71086851813301
148,0.14,0.24,0.14,1.0,1.7702805203987464,1.0,26.027548261258953,1.031899655118593,-0.09616404869026474,-0.22549466474687874,-0.26852152111364114,0.12383595130973526,0.04050533525312128,0.0024784788863588814,0.0024784788863588814,96.92909586283709,74.71086851813301
149,0.12,0.24,0.08,1.0,1.7702805203987464,1.0,25.858630522894014,1.0409050006649636,-0.08301610231039913,-0.19645453860621476,-0.26852152111364114,0.13698389768960087,0.06954546139378526,0.0024784788863588814,0.0024784788863588814,96.30002994043211,74.22921888767486
150,0.12,0.24,0.1,1.0,1.7702805203987464,1.0,25.858630522894014,1.0409050006649636,-0.08301610231039913,-0.19645453860621476,-0.26852152111364114,0.13698389768960087,0.06954546139378526,0.0024784788863588814,0.0024784788863588814,96.30002994043211,74.22921888767486
151,0.12,0.24,0.12,1.0,1.7702805203987464,1.0,25.858630522894014,1.0409050006649636,-0.08301610231039913,-0.19645453860621476,-0.26852152111364114,0.13698389768960087,0.06954546139378526,0.0024784788863588814,0.0024784788863588814,96.30002994043211,74.22921888767486
152,0.12,0.24,0.14,1.0,1.7702805203987464,1.0,25.858630522894014,1.0409050006649636,-0.08301610231039913,-0.19645453860621476,-0.26852152111364114,0.13698389768960087,0.06954546139378526,0.0024784788863588814,0.0024784788863588814,96.30002994043211,74.22921888767486
153,0.18,0.24,0.08,1.0,1.7702805203987464,1.0,26.296267463318863,1.0130644816195253,-0.11832210720960279,-0.27654824654814536,-0.27618600993677933,0.10167789279039721,-0.010548246548145346,-0.005186009936779312,-0.010548246548145346,95.21216324222301,74.05222074801354
154,0.18,0.24,0.1,1.0,1.7702805203987464,1.0,26.296267463318863,1.0130644816195253,-0.11832210720960279,-0.27654824654814536,-0.27618600993677933,0.10167789279039721,-0.010548246548145346,-0.005186009936779312,-0.010548246548145346,95.21216324222301,74.05222074801354
155,0.18,0.24,0.12,1.0,1.7702805203987464,1.0,26.296267463318863,1.0130644816195253,-0.11832210720960279,-0.27654824654814536,-0.27618600993677933,0.10167789279039721,-0.010548246548145346,-0.005186009936779312,-0.010548246548145346,95.21216324222301,74.05222074801354
156,0.18,0.24,0.14,1.0,1.7702805203987464,1.0,26.296267463318863,1.0130644816195253,-0.11832210720960279,-0.27654824654814536,-0.27618600993677933,0.10167789279039721,-0.010548246548145346,-0.005186009936779312,-0.010548246548145346,95.21216324222301,74.05222074801354
157,0.2,0.24,0.08,1.0,1.7702805203987464,1.0,26.27430451414069,1.0127669233091552,-0.11832210720960279,-0.27718787116745724,-0.2768259216806427,0.10167789279039721,-0.01118787116745723,-0.005825921680642665,-0.01118787116745723,94.91273199643409,73.87728454118228
158,0.2,0.24,0.1,1.0,1.7702805203987464,1.0,26.27430451414069,1.0127669233091552,-0.11832210720960279,-0.27718787116745724,-0.2768259216806427,0.10167789279039721,-0.01118787116745723,-0.005825921680642665,-0.01118787116745723,94.91273199643409,73.87728454118228
159,0.2,0.24,0.12,1.0,1.7702805203987464,1.0,26.27430451414069,1.0127669233091552,-0.11832210720960279,-0.27718787116745724,-0.2768259216806427,0.10167789279039721,-0.01118787116745723,-0.005825921680642665,-0.01118787116745723,94.91273199643409,73.87728454118228
160,0.2,0.24,0.14,1.0,1.7702805203987464,1.0,26.27430451414069,1.0127669233091552,-0.11832210720960279,-0.27718787116745724,-0.2768259216806427,0.10167789279039721,-0.01118787116745723,-0.005825921680642665,-0.01118787116745723,94.91273199643409,73.87728454118228
161,0.16,0.24,0.08,0.95,1.7485905130707482,1.0,24.577922235337535,1.0223136930174874,-0.10912378878174289,-0.2535937046373705,-0.26054622201572375,0.11087621121825711,0.012406295362629494,0.010453777984276269,0.010453777984276269,94.33229177222258,72.0007997499737
162,0.16,0.24,0.1,0.95,1.7485905130707482,1.0,24.577922235337535,1.0223136930174874,-0.10912378878174289,-0.2535937046373705,-0.26054622201572375,0.11087621121825711,0.012406295362629494,0.010453777984276269,0.010453777984276269,94.33229177222258,72.0007997499737
163,0.16,0.24,0.12,0.95,1.7485905130707482,1.0,24.577922235337535,1.0223136930174874,-0.10912378878174289,-0.2535937046373705,-0.26054622201572375,0.11087621121825711,0.012406295362629494,0.010453777984276269,0.010453777984276269,94.33229177222258,72.0007997499737
164,0.16,0.24,0.14,0.95,1.7485905130707482,1.0,24.577922235337535,1.0223136930174874,-0.10912378878174289,-0.2535937046373705,-0.26054622201572375,0.11087621121825711,0.012406295362629494,0.010453777984276269,0.010453777984276269,94.33229177222258,72.0007997499737
165,0.14,0.24,0.08,0.95,1.7485905130707482,1.0,24.426211569506656,1.0332313998039462,-0.09614134693258991,-0.22549466474687874,-0.26054622201572375,0.12385865306741009,0.04050533525312128,0.010453777984276269,0.010453777984276269,93.75001249502883,71.56013298690324
166,0.14,0.24,0.1,0.95,1.7485905130707482,1.0,24.426211569506656,1.0332313998039462,-0.09614134693258991,-0.22549466474687874,-0.26054622201572375,0.12385865306741009,0.04050533525312128,0.010453777984276269,0.010453777984276269,93.75001249502883,71.56013298690324
167,0.14,0.24,0.12,0.95,1.7485905130707482,1.0,24.426211569506656,1.0332313998039462,-0.09614134693258991,-0.22549466474687874,-0.26054622201572375,0.12385865306741009,0.04050533525312128,0.010453777984276269,0.010453777984276269,93.75001249502883,71.56013298690324
168,0.14,0.24,0.14,0.95,1.7485905130707482,1.0,24.426211569506656,1.0332313998039462,-0.09614134693258991,-0.22549466474687874,-0.26054622201572375,0.12385865306741009,0.04050533525312128,0.010453777984276269,0.010453777984276269,93.75001249502883,71.56013298690324
169,0.12,0.24,0.08,0.95,1.7485905130707482,1.0,24.26768887076235,1.0427187561094509,-0.08299308406765116,-0.19645453860621476,-0.26054622201572375,0.13700691593234884,0.06954546139378526,0.010453777984276269,0.010453777984276269,93.14158801848914,71.0992955211502
170,0.12,0.24,0.1,0.95,1.7485905130707482,1.0,24.26768887076235,1.0427187561094509,-0.08299308406765116,-0.19645453860621476,-0.26054622201572375,0.13700691593234884,0.06954546139378526,0.010453777984276269,0.010453777984276269,93.14158801848914,71.0992955211502
171,0.12,0.24,0.12,0.95,1.7485905130707482,1.0,24.26768887076235,1.0427187561094509,-0.08299308406765116,-0.19645453860621476,-0.26054622201572375,0.13700691593234884,0.06954546139378526,0.010453777984276269,0.010453777984276269,93.14158801848914,71.0992955211502
172,0.12,0.24,0.14,0.95,1.7485905130707482,1.0,24.26768887076235,1.0427187561094509,-0.08299308406765116,-0.19645453860621476,-0.26054622201572375,0.13700691593234884,0.06954546139378526,0.010453777984276269,0.010453777984276269,93.14158801848914,71.0992955211502
173,0.16,0.2,0.08,1.05,1.7495232214771907,1.0,24.991938888979085,1.003353052856475,-0.10916856690477073,-0.2535937046373705,-0.27643869998416704,0.11083143309522928,0.012406295362629494,-0.005438699984167017,-0.005438699984167017,90.40680226904009,70.36881713414958
174,0.16,0.2,0.1,1.05,1.7495232214771907,1.0,24.991938888979085,1.003353052856475,-0.10916856690477073,-0.2535937046373705,-0.27643869998416704,0.11083143309522928,0.012406295362629494,-0.005438699984167017,-0.005438699984167017,90.40680226904009,70.36881713414958
175,0.16,0.2,0.12,1.05,1.7495232214771907,1.0,24.991938888979085,1.003353052856475,-0.10916856690477073,-0.2535937046373705,-0.27643869998416704,0.11083143309522928,0.012406295362629494,-0.005438699984167017,-0.005438699984167017,90.40680226904009,70.36881713414958
176,0.16,0.2,0.14,1.05,1.7495232214771907,1.0,24.991938888979085,1.003353052856475,-0.10916856690477073,-0.2535937046373705,-0.27643869998416704,0.11083143309522928,0.012406295362629494,-0.005438699984167017,-0.005438699984167017,90.40680226904009,70.36881713414958
177,0.18,0.24,0.08,0.95,1.7485905130707482,1.0,24.632108845039404,1.0167267272516858,-0.11454735328581278,-0.2721944276112127,-0.2718300110167159,0.10545264671418722,-0.006194427611212694,-0.0008300110167158703,-0.006194427611212694,90.61585493415103,70.1124095195092
178,0.18,0.24,0.1,0.95,1.7485905130707482,1.0,24.632108845039404,1.0167267272516858,-0.11454735328581278,-0.2721944276112127,-0.2718300110167159,0.10545264671418722,-0.006194427611212694,-0.0008300110167158703,-0.006194427611212694,90.61585493415103,70.1124095195092
179,0.18,0.24,0.12,0.95,1.7485905130707482,1.0,24.632108845039404,1.0167267272516858,-0.11454735328581278,-0.2721944276112127,-0.2718300110167159,0.10545264671418722,-0.006194427611212694,-0.0008300110167158703,-0.006194427611212694,90.61585493415103,70.1124095195092
180,0.18,0.24,0.14,0.95,1.7485905130707482,1.0,24.632108845039404,1.0167267272516858,-0.11454735328581278,-0.2721944276112127,-0.2718300110167159,0.10545264671418722,-0.006194427611212694,-0.0008300110167158703,-0.006194427611212694,90.61585493415103,70.1124095195092
181,0.18,0.2,0.08,1.05,1.7495232214771907,1.0,25.139160362210994,0.9920876673098341,-0.12198634484573123,-0.28077774394434374,-0.280388781028054,0.09801365515426877,-0.014777743944343724,-0.00938878102805396,-0.014777743944343724,89.65822480499219,70.09280157844732
182,0.18,0.2,0.1,1.05,1.7495232214771907,1.0,25.139160362210994,0.9920876673098341,-0.12198634484573123,-0.28077774394434374,-0.280388781028054,0.09801365515426877,-0.014777743944343724,-0.00938878102805396,-0.014777743944343724,89.65822480499219,70.09280157844732
183,0.18,0.2,0.12,1.05,1.7495232214771907,1.0,25.139160362210994,0.9920876673098341,-0.12198634484573123,-0.28077774394434374,-0.280388781028054,0.09801365515426877,-0.014777743944343724,-0.00938878102805396,-0.014777743944343724,89.65822480499219,70.09280157844732
184,0.18,0.2,0.14,1.05,1.7495232214771907,1.0,25.139160362210994,0.9920876673098341,-0.12198634484573123,-0.28077774394434374,-0.280388781028054,0.09801365515426877,-0.014777743944343724,-0.00938878102805396,-0.014777743944343724,89.65822480499219,70.09280157844732
185,0.2,0.24,0.08,0.95,1.7485905130707482,1.0,24.611538127502737,1.0164203248155887,-0.11454735328581278,-0.2728379017915923,-0.27247377404970896,0.10545264671418722,-0.006837901791592271,-0.0014737740497089424,-0.006837901791592271,90.32626429218362,69.9437648295997
186,0.2,0.24,0.1,0.95,1.7485905130707482,1.0,24.611538127502737,1.0164203248155887,-0.11454735328581278,-0.2728379017915923,-0.27247377404970896,0.10545264671418722,-0.006837901791592271,-0.0014737740497089424,-0.006837901791592271,90.32626429218362,69.9437648295997
187,0.2,0.24,0.12,0.95,1.7485905130707482,1.0,24.611538127502737,1.0164203248155887,-0.11454735328581278,-0.2728379017915923,-0.27247377404970896,0.10545264671418722,-0.006837901791592271,-0.0014737740497089424,-0.006837901791592271,90.32626429218362,69.9437648295997
188,0.2,0.24,0.14,0.95,1.7485905130707482,1.0,24.611538127502737,1.0164203248155887,-0.11454735328581278,-0.2728379017915923,-0.27247377404970896,0.10545264671418722,-0.006837901791592271,-0.0014737740497089424,-0.006837901791592271,90.32626429218362,69.9437648295997
189,0.14,0.2,0.08,1.05,1.7495232214771907,1.0,24.83766435155428,1.0134155436416028,-0.09618675044793878,-0.22549466474687874,-0.27643869998416704,0.12381324955206122,0.04050533525312128,-0.005438699984167017,-0.005438699984167017,89.84872361567629,69.93751576819992
190,0.14,0.2,0.1,1.05,1.7495232214771907,1.0,24.83766435155428,1.0134155436416028,-0.09618675044793878,-0.22549466474687874,-0.27643869998416704,0.12381324955206122,0.04050533525312128,-0.005438699984167017,-0.005438699984167017,89.84872361567629,69.93751576819992
191,0.14,0.2,0.12,1.05,1.7495232214771907,1.0,24.83766435155428,1.0134155436416028,-0.09618675044793878,-0.22549466474687874,-0.27643869998416704,0.12381324955206122,0.04050533525312128,-0.005438699984167017,-0.005438699984167017,89.84872361567629,69.93751576819992
192,0.14,0.2,0.14,1.05,1.7495232214771907,1.0,24.83766435155428,1.0134155436416028,-0.09618675044793878,-0.22549466474687874,-0.27643869998416704,0.12381324955206122,0.04050533525312128,-0.005438699984167017,-0.005438699984167017,89.84872361567629,69.93751576819992
193,0.2,0.2,0.08,1.05,1.7495232214771907,1.0,25.11906903884621,0.9917066612851133,-0.12208396749519346,-0.28153452185653316,-0.2811459292845243,0.09791603250480654,-0.015534521856533146,-0.010145929284524291,-0.015534521856533146,89.34530584444386,69.91239068404248
194,0.2,0.2,0.1,1.05,1.7495232214771907,1.0,25.11906903884621,0.9917066612851133,-0.12208396749519346,-0.28153452185653316,-0.2811459292845243,0.09791603250480654,-0.015534521856533146,-0.010145929284524291,-0.015534521856533146,89.34530584444386,69.91239068404248
195,0.2,0.2,0.12,1.05,1.7495232214771907,1.0,25.11906903884621,0.9917066612851133,-0.12208396749519346,-0.28153452185653316,-0.2811459292845243,0.09791603250480654,-0.015534521856533146,-0.010145929284524291,-0.015534521856533146,89.34530584444386,69.91239068404248
196,0.2,0.2,0.14,1.05,1.7495232214771907,1.0,25.11906903884621,0.9917066612851133,-0.12208396749519346,-0.28153452185653316,-0.2811459292845243,0.09791603250480654,-0.015534521856533146,-0.010145929284524291,-0.015534521856533146,89.34530584444386,69.91239068404248
197,0.12,0.2,0.08,1.05,1.7495232214771907,1.0,24.676463138415645,1.0221236344147842,-0.083039120553147,-0.19645453860621476,-0.27643869998416704,0.136960879446853,0.06954546139378526,-0.005438699984167017,-0.005438699984167017,89.26558813881336,69.48648843478445
198,0.12,0.2,0.1,1.05,1.7495232214771907,1.0,24.676463138415645,1.0221236344147842,-0.083039120553147,-0.19645453860621476,-0.27643869998416704,0.136960879446853,0.06954546139378526,-0.005438699984167017,-0.005438699984167017,89.26558813881336,69.48648843478445
199,0.12,0.2,0.12,1.05,1.7495232214771907,1.0,24.676463138415645,1.0221236344147842,-0.083039120553147,-0.19645453860621476,-0.27643869998416704,0.136960879446853,0.06954546139378526,-0.005438699984167017,-0.005438699984167017,89.26558813881336,69.48648843478445
200,0.12,0.2,0.14,1.05,1.7495232214771907,1.0,24.676463138415645,1.0221236344147842,-0.083039120553147,-0.19645453860621476,-0.27643869998416704,0.136960879446853,0.06954546139378526,-0.005438699984167017,-0.005438699984167017,89.26558813881336,69.48648843478445
201,0.16,0.2,0.08,1.0,1.7281873498231657,1.0,23.465900081883543,1.0048785323205274,-0.10914617784325686,-0.2535937046373705,-0.26852152111364114,0.11085382215674314,0.012406295362629494,0.0024784788863588814,0.0024784788863588814,87.38927138712478,67.37390387634184
202,0.16,0.2,0.1,1.0,1.7281873498231657,1.0,23.465900081883543,1.0048785323205274,-0.10914617784325686,-0.2535937046373705,-0.26852152111364114,0.11085382215674314,0.012406295362629494,0.0024784788863588814,0.0024784788863588814,87.38927138712478,67.37390387634184
203,0.16,0.2,0.12,1.0,1.7281873498231657,1.0,23.465900081883543,1.0048785323205274,-0.10914617784325686,-0.2535937046373705,-0.26852152111364114,0.11085382215674314,0.012406295362629494,0.0024784788863588814,0.0024784788863588814,87.38927138712478,67.37390387634184
204,0.16,0.2,0.14,1.0,1.7281873498231657,1.0,23.465900081883543,1.0048785323205274,-0.10914617784325686,-0.2535937046373705,-0.26852152111364114,0.11085382215674314,0.012406295362629494,0.0024784788863588814,0.0024784788863588814,87.38927138712478,67.37390387634184
205,0.14,0.2,0.08,1.0,1.7281873498231657,1.0,23.32104793352921,1.0154840315112967,-0.09616404869026418,-0.22549466474687874,-0.26852152111364114,0.12383595130973582,0.04050533525312128,0.0024784788863588814,0.0024784788863588814,86.84982803914438,66.96145115383545
206,0.14,0.2,0.1,1.0,1.7281873498231657,1.0,23.32104793352921,1.0154840315112967,-0.09616404869026418,-0.22549466474687874,-0.26852152111364114,0.12383595130973582,0.04050533525312128,0.0024784788863588814,0.0024784788863588814,86.84982803914438,66.96145115383545
207,0.14,0.2,0.12,1.0,1.7281873498231657,1.0,23.32104793352921,1.0154840315112967,-0.09616404869026418,-0.22549466474687874,-0.26852152111364114,0.12383595130973582,0.04050533525312128,0.0024784788863588814,0.0024784788863588814,86.84982803914438,66.96145115383545
208,0.14,0.2,0.14,1.0,1.7281873498231657,1.0,23.32104793352921,1.0154840315112967,-0.09616404869026418,-0.22549466474687874,-0.26852152111364114,0.12383595130973582,0.04050533525312128,0.0024784788863588814,0.0024784788863588814,86.84982803914438,66.96145115383545
209,0.12,0.2,0.08,1.0,1.7281873498231657,1.0,23.169692032890808,1.024689079940443,-0.08301610231039924,-0.19645453860621476,-0.26852152111364114,0.13698389768960076,0.06954546139378526,0.0024784788863588814,0.0024784788863588814,86.28616409142546,66.53010428902343
210,0.12,0.2,0.1,1.0,1.7281873498231657,1.0,23.169692032890808,1.024689079940443,-0.08301610231039924,-0.19645453860621476,-0.26852152111364114,0.13698389768960076,0.06954546139378526,0.0024784788863588814,0.0024784788863588814,86.28616409142546,66.53010428902343
211,0.12,0.2,0.12,1.0,1.7281873498231657,1.0,23.169692032890808,1.024689079940443,-0.08301610231039924,-0.19645453860621476,-0.26852152111364114,0.13698389768960076,0.06954546139378526,0.0024784788863588814,0.0024784788863588814,86.28616409142546,66.53010428902343
212,0.12,0.2,0.14,1.0,1.7281873498231657,1.0,23.169692032890808,1.024689079940443,-0.08301610231039924,-0.19645453860621476,-0.26852152111364114,0.13698389768960076,0.06954546139378526,0.0024784788863588814,0.0024784788863588814,86.28616409142546,66.53010428902343
213,0.18,0.2,0.08,1.0,1.7281873498231657,1.0,23.561822931321927,0.9962734059853908,-0.11832210720960279,-0.27654824654814536,-0.2761569962754392,0.10167789279039721,-0.010548246548145346,-0.005156996275439196,-0.010548246548145346,85.32039111484738,66.36853193720196
214,0.18,0.2,0.1,1.0,1.7281873498231657,1.0,23.561822931321927,0.9962734059853908,-0.11832210720960279,-0.27654824654814536,-0.2761569962754392,0.10167789279039721,-0.010548246548145346,-0.005156996275439196,-0.010548246548145346,85.32039111484738,66.36853193720196
215,0.18,0.2,0.12,1.0,1.7281873498231657,1.0,23.561822931321927,0.9962734059853908,-0.11832210720960279,-0.27654824654814536,-0.2761569962754392,0.10167789279039721,-0.010548246548145346,-0.005156996275439196,-0.010548246548145346,85.32039111484738,66.36853193720196
216,0.18,0.2,0.14,1.0,1.7281873498231657,1.0,23.561822931321927,0.9962734059853908,-0.11832210720960279,-0.27654824654814536,-0.2761569962754392,0.10167789279039721,-0.010548246548145346,-0.005156996275439196,-0.010548246548145346,85.32039111484738,66.36853193720196
217,0.2,0.2,0.08,1.0,1.7281873498231657,1.0,23.542141307524464,0.9959706333179472,-0.11832210720960279,-0.27718787116745724,-0.27679692764578967,0.10167789279039721,-0.01118787116745723,-0.005796927645789651,-0.01118787116745723,85.05203257765481,66.21141236717817
218,0.2,0.2,0.1,1.0,1.7281873498231657,1.0,23.542141307524464,0.9959706333179472,-0.11832210720960279,-0.27718787116745724,-0.27679692764578967,0.10167789279039721,-0.01118787116745723,-0.005796927645789651,-0.01118787116745723,85.05203257765481,66.21141236717817
219,0.2,0.2,0.12,1.0,1.7281873498231657,1.0,23.542141307524464,0.9959706333179472,-0.11832210720960279,-0.27718787116745724,-0.27679692764578967,0.10167789279039721,-0.01118787116745723,-0.005796927645789651,-0.01118787116745723,85.05203257765481,66.21141236717817
220,0.2,0.2,0.14,1.0,1.7281873498231657,1.0,23.542141307524464,0.9959706333179472,-0.11832210720960279,-0.27718787116745724,-0.27679692764578967,0.10167789279039721,-0.01118787116745723,-0.005796927645789651,-0.01118787116745723,85.05203257765481,66.21141236717817
221,0.16,0.2,0.08,0.95,1.7070142309146217,1.0,22.022004630963494,1.0057502750703018,-0.10912378878174267,-0.2535937046373705,-0.26054622201572375,0.11087621121825733,0.012406295362629494,0.010453777984276269,0.010453777984276269,84.52244849527882,64.53664782353833
222,0.16,0.2,0.1,0.95,1.7070142309146217,1.0,22.022004630963494,1.0057502750703018,-0.10912378878174267,-0.2535937046373705,-0.26054622201572375,0.11087621121825733,0.012406295362629494,0.010453777984276269,0.010453777984276269,84.52244849527882,64.53664782353833
223,0.16,0.2,0.12,0.95,1.7070142309146217,1.0,22.022004630963494,1.0057502750703018,-0.10912378878174267,-0.2535937046373705,-0.26054622201572375,0.11087621121825733,0.012406295362629494,0.010453777984276269,0.010453777984276269,84.52244849527882,64.53664782353833
224,0.16,0.2,0.14,0.95,1.7070142309146217,1.0,22.022004630963494,1.0057502750703018,-0.10912378878174267,-0.2535937046373705,-0.26054622201572375,0.11087621121825733,0.012406295362629494,0.010453777984276269,0.010453777984276269,84.52244849527882,64.53664782353833
225,0.14,0.2,0.08,0.95,1.7070142309146217,1.0,21.886067663994382,1.0169142272588714,-0.09614134693259002,-0.22549466474687874,-0.26054622201572375,0.12385865306740998,0.04050533525312128,0.010453777984276269,0.010453777984276269,84.00071010307559,64.14207445090533
226,0.14,0.2,0.1,0.95,1.7070142309146217,1.0,21.886067663994382,1.0169142272588714,-0.09614134693259002,-0.22549466474687874,-0.26054622201572375,0.12385865306740998,0.04050533525312128,0.010453777984276269,0.010453777984276269,84.00071010307559,64.14207445090533
227,0.14,0.2,0.12,0.95,1.7070142309146217,1.0,21.886067663994382,1.0169142272588714,-0.09614134693259002,-0.22549466474687874,-0.26054622201572375,0.12385865306740998,0.04050533525312128,0.010453777984276269,0.010453777984276269,84.00071010307559,64.14207445090533
228,0.14,0.2,0.14,0.95,1.7070142309146217,1.0,21.886067663994382,1.0169142272588714,-0.09614134693259002,-0.22549466474687874,-0.26054622201572375,0.12385865306740998,0.04050533525312128,0.010453777984276269,0.010453777984276269,84.00071010307559,64.14207445090533
229,0.12,0.2,0.08,0.95,1.7070142309146217,1.0,21.744027103370993,1.0266324296008338,-0.08299308406765127,-0.19645453860621476,-0.26054622201572375,0.13700691593234873,0.06954546139378526,0.010453777984276269,0.010453777984276269,83.45554556557246,63.729395261998775
230,0.12,0.2,0.1,0.95,1.7070142309146217,1.0,21.744027103370993,1.0266324296008338,-0.08299308406765127,-0.19645453860621476,-0.26054622201572375,0.13700691593234873,0.06954546139378526,0.010453777984276269,0.010453777984276269,83.45554556557246,63.729395261998775
231,0.12,0.2,0.12,0.95,1.7070142309146217,1.0,21.744027103370993,1.0266324296008338,-0.08299308406765127,-0.19645453860621476,-0.26054622201572375,0.13700691593234873,0.06954546139378526,0.010453777984276269,0.010453777984276269,83.45554556557246,63.729395261998775
232,0.12,0.2,0.14,0.95,1.7070142309146217,1.0,21.744027103370993,1.0266324296008338,-0.08299308406765127,-0.19645453860621476,-0.26054622201572375,0.13700691593234873,0.06954546139378526,0.010453777984276269,0.010453777984276269,83.45554556557246,63.729395261998775
233,0.18,0.2,0.08,0.95,1.7070142309146217,1.0,22.070544596671276,1.0000450775832062,-0.11454735328581211,-0.2721944276112127,-0.27180082274770256,0.10545264671418789,-0.006194427611212694,-0.0008008227477025454,-0.006194427611212694,81.20116920013197,62.84016607419784
234,0.18,0.2,0.1,0.95,1.7070142309146217,1.0,22.070544596671276,1.0000450775832062,-0.11454735328581211,-0.2721944276112127,-0.27180082274770256,0.10545264671418789,-0.006194427611212694,-0.0008008227477025454,-0.006194427611212694,81.20116920013197,62.84016607419784
235,0.18,0.2,0.12,0.95,1.7070142309146217,1.0,22.070544596671276,1.0000450775832062,-0.11454735328581211,-0.2721944276112127,-0.27180082274770256,0.10545264671418789,-0.006194427611212694,-0.0008008227477025454,-0.006194427611212694,81.20116920013197,62.84016607419784
236,0.18,0.2,0.14,0.95,1.7070142309146217,1.0,22.070544596671276,1.0000450775832062,-0.11454735328581211,-0.2721944276112127,-0.27180082274770256,0.10545264671418789,-0.006194427611212694,-0.0008008227477025454,-0.006194427611212694,81.20116920013197,62.84016607419784
237,0.2,0.2,0.08,0.95,1.7070142309146217,1.0,22.052110732217265,0.9997329659692916,-0.11454735328581211,-0.2728379017915923,-0.27244460552530536,0.10545264671418789,-0.006837901791592271,-0.0014446055253053425,-0.006837901791592271,80.94163101412191,62.68868332351412
238,0.2,0.2,0.1,0.95,1.7070142309146217,1.0,22.052110732217265,0.9997329659692916,-0.11454735328581211,-0.2728379017915923,-0.27244460552530536,0.10545264671418789,-0.006837901791592271,-0.0014446055253053425,-0.006837901791592271,80.94163101412191,62.68868332351412
239,0.2,0.2,0.12,0.95,1.7070142309146217,1.0,22.052110732217265,0.9997329659692916,-0.11454735328581211,-0.2728379017915923,-0.27244460552530536,0.10545264671418789,-0.006837901791592271,-0.0014446055253053425,-0.006837901791592271,80.94163101412191,62.68868332351412
240,0.2,0.2,0.14,0.95,1.7070142309146217,1.0,22.052110732217265,0.9997329659692916,-0.11454735328581211,-0.2728379017915923,-0.27244460552530536,0.10545264671418789,-0.006837901791592271,-0.0014446055253053425,-0.006837901791592271,80.94163101412191,62.68868332351412
