rank,rerisk,hold,cap,derisk,override_scale,min_median_delta_terminal,min_pass_rate_terminal,worst_median_delta_maxdd,worst_fold_maxdd,avg_median_delta_terminal,avg_median_delta_sharpe,full_delta_terminal,full_candidate_terminal,full_candidate_sharpe,full_candidate_maxdd
1,0.0,0.4,0.02,0.22,1.15,0.07816581667864186,1.0,-0.007748529944352656,-0.16055411217161675,0.12263667968942595,0.11146384044288826,22.22219051920532,70.41379752486095,1.073494749760064,-0.32360589804304263
2,0.0,0.4,0.03,0.22,1.15,0.07816581667864186,1.0,-0.007748529944352656,-0.16055411217161675,0.12263667968942595,0.11146384044288826,22.22219051920532,70.41379752486095,1.073494749760064,-0.32360589804304263
3,0.02,0.4,0.02,0.22,1.15,0.07816581667864186,1.0,-0.007748529944352656,-0.16055411217161675,0.12263667968942595,0.11146384044288826,22.22219051920532,70.41379752486095,1.073494749760064,-0.32360589804304263
4,0.02,0.4,0.03,0.22,1.15,0.07816581667864186,1.0,-0.007748529944352656,-0.16055411217161675,0.12263667968942595,0.11146384044288826,22.22219051920532,70.41379752486095,1.073494749760064,-0.32360589804304263
5,0.04,0.4,0.02,0.22,1.15,0.07816581667864186,1.0,-0.007748529944352656,-0.16055411217161675,0.12263667968942595,0.11146384044288826,22.22219051920532,70.41379752486095,1.073494749760064,-0.32360589804304263
6,0.04,0.4,0.03,0.22,1.15,0.07816581667864186,1.0,-0.007748529944352656,-0.16055411217161675,0.12263667968942595,0.11146384044288826,22.22219051920532,70.41379752486095,1.073494749760064,-0.32360589804304263
7,0.0,0.38,0.02,0.22,1.15,0.07541704363682467,1.0,-0.007748529944352545,-0.15966158992109858,0.11998292094685084,0.1126254593063667,21.838177767880502,70.02978477353614,1.0728449795646382,-0.3236058980430425
8,0.0,0.38,0.03,0.22,1.15,0.07541704363682467,1.0,-0.007748529944352545,-0.15966158992109858,0.11998292094685084,0.1126254593063667,21.838177767880502,70.02978477353614,1.0728449795646382,-0.3236058980430425
9,0.02,0.38,0.02,0.22,1.15,0.07541704363682467,1.0,-0.007748529944352545,-0.15966158992109858,0.11998292094685084,0.1126254593063667,21.838177767880502,70.02978477353614,1.0728449795646382,-0.3236058980430425
10,0.02,0.38,0.03,0.22,1.15,0.07541704363682467,1.0,-0.007748529944352545,-0.15966158992109858,0.11998292094685084,0.1126254593063667,21.838177767880502,70.02978477353614,1.0728449795646382,-0.3236058980430425
11,0.04,0.38,0.02,0.22,1.15,0.07541704363682467,1.0,-0.007748529944352545,-0.15966158992109858,0.11998292094685084,0.1126254593063667,21.838177767880502,70.02978477353614,1.0728449795646382,-0.3236058980430425
12,0.04,0.38,0.03,0.22,1.15,0.07541704363682467,1.0,-0.007748529944352545,-0.15966158992109858,0.11998292094685084,0.1126254593063667,21.838177767880502,70.02978477353614,1.0728449795646382,-0.3236058980430425
13,0.0,0.36,0.02,0.22,1.15,0.07266802092709734,1.0,-0.007748529944352878,-0.15876865395534878,0.11732957110850283,0.11345846392851458,21.45554887530522,69.64715588096085,1.0721583041606628,-0.32360589804304274
14,0.0,0.36,0.03,0.22,1.15,0.07266802092709734,1.0,-0.007748529944352878,-0.15876865395534878,0.11732957110850283,0.11345846392851458,21.45554887530522,69.64715588096085,1.0721583041606628,-0.32360589804304274
15,0.02,0.36,0.02,0.22,1.15,0.07266802092709734,1.0,-0.007748529944352878,-0.15876865395534878,0.11732957110850283,0.11345846392851458,21.45554887530522,69.64715588096085,1.0721583041606628,-0.32360589804304274
16,0.02,0.36,0.03,0.22,1.15,0.07266802092709734,1.0,-0.007748529944352878,-0.15876865395534878,0.11732957110850283,0.11345846392851458,21.45554887530522,69.64715588096085,1.0721583041606628,-0.32360589804304274
17,0.04,0.36,0.02,0.22,1.15,0.07266802092709734,1.0,-0.007748529944352878,-0.15876865395534878,0.11732957110850283,0.11345846392851458,21.45554887530522,69.64715588096085,1.0721583041606628,-0.32360589804304274
18,0.04,0.36,0.03,0.22,1.15,0.07266802092709734,1.0,-0.007748529944352878,-0.15876865395534878,0.11732957110850283,0.11345846392851458,21.45554887530522,69.64715588096085,1.0721583041606628,-0.32360589804304274
19,0.0,0.34,0.02,0.22,1.15,0.0699187533563228,1.0,-0.007748529944352878,-0.15787530426015017,0.11467663348964124,0.11395606776529006,21.07430394268423,69.26591094833987,1.0714346502946759,-0.3236058980430434
20,0.0,0.34,0.03,0.22,1.15,0.0699187533563228,1.0,-0.007748529944352878,-0.15787530426015017,0.11467663348964124,0.11395606776529006,21.07430394268423,69.26591094833987,1.0714346502946759,-0.3236058980430434
21,0.02,0.34,0.02,0.22,1.15,0.0699187533563228,1.0,-0.007748529944352878,-0.15787530426015017,0.11467663348964124,0.11395606776529006,21.07430394268423,69.26591094833987,1.0714346502946759,-0.3236058980430434
22,0.02,0.34,0.03,0.22,1.15,0.0699187533563228,1.0,-0.007748529944352878,-0.15787530426015017,0.11467663348964124,0.11395606776529006,21.07430394268423,69.26591094833987,1.0714346502946759,-0.3236058980430434
23,0.04,0.34,0.02,0.22,1.15,0.0699187533563228,1.0,-0.007748529944352878,-0.15787530426015017,0.11467663348964124,0.11395606776529006,21.07430394268423,69.26591094833987,1.0714346502946759,-0.3236058980430434
24,0.04,0.34,0.03,0.22,1.15,0.0699187533563228,1.0,-0.007748529944352878,-0.15787530426015017,0.11467663348964124,0.11395606776529006,21.07430394268423,69.26591094833987,1.0714346502946759,-0.3236058980430434
25,0.0,0.4,0.02,0.22,1.1,0.05426574227922254,1.0,-0.007187543383389006,-0.15811417645455728,0.1035034241944436,0.11002241318014172,18.872074646919522,67.06368165257516,1.0768250621917776,-0.31978648454775294
26,0.0,0.4,0.03,0.22,1.1,0.05426574227922254,1.0,-0.007187543383389006,-0.15811417645455728,0.1035034241944436,0.11002241318014172,18.872074646919522,67.06368165257516,1.0768250621917776,-0.31978648454775294
27,0.02,0.4,0.02,0.22,1.1,0.05426574227922254,1.0,-0.007187543383389006,-0.15811417645455728,0.1035034241944436,0.11002241318014172,18.872074646919522,67.06368165257516,1.0768250621917776,-0.31978648454775294
28,0.02,0.4,0.03,0.22,1.1,0.05426574227922254,1.0,-0.007187543383389006,-0.15811417645455728,0.1035034241944436,0.11002241318014172,18.872074646919522,67.06368165257516,1.0768250621917776,-0.31978648454775294
29,0.04,0.4,0.02,0.22,1.1,0.05426574227922254,1.0,-0.007187543383389006,-0.15811417645455728,0.1035034241944436,0.11002241318014172,18.872074646919522,67.06368165257516,1.0768250621917776,-0.31978648454775294
30,0.04,0.4,0.03,0.22,1.1,0.05426574227922254,1.0,-0.007187543383389006,-0.15811417645455728,0.1035034241944436,0.11002241318014172,18.872074646919522,67.06368165257516,1.0768250621917776,-0.31978648454775294
31,0.0,0.38,0.02,0.22,1.1,0.05155080897501585,1.0,-0.007187543383389394,-0.15721905999642072,0.10087866662928657,0.11125280369666735,18.50633228092473,66.69793928658036,1.076179189743474,-0.3197864845477544
32,0.0,0.38,0.03,0.22,1.1,0.05155080897501585,1.0,-0.007187543383389394,-0.15721905999642072,0.10087866662928657,0.11125280369666735,18.50633228092473,66.69793928658036,1.076179189743474,-0.3197864845477544
33,0.02,0.38,0.02,0.22,1.1,0.05155080897501585,1.0,-0.007187543383389394,-0.15721905999642072,0.10087866662928657,0.11125280369666735,18.50633228092473,66.69793928658036,1.076179189743474,-0.3197864845477544
34,0.02,0.38,0.03,0.22,1.1,0.05155080897501585,1.0,-0.007187543383389394,-0.15721905999642072,0.10087866662928657,0.11125280369666735,18.50633228092473,66.69793928658036,1.076179189743474,-0.3197864845477544
35,0.04,0.38,0.02,0.22,1.1,0.05155080897501585,1.0,-0.007187543383389394,-0.15721905999642072,0.10087866662928657,0.11125280369666735,18.50633228092473,66.69793928658036,1.076179189743474,-0.3197864845477544
36,0.04,0.38,0.03,0.22,1.1,0.05155080897501585,1.0,-0.007187543383389394,-0.15721905999642072,0.10087866662928657,0.11125280369666735,18.50633228092473,66.69793928658036,1.076179189743474,-0.3197864845477544
37,0.0,0.36,0.02,0.22,1.1,0.04883561872551967,1.0,-0.007187543383388784,-0.15632352862054677,0.09825430315393063,0.11214955783219718,18.141907933073632,66.33351493872927,1.075495171238046,-0.3197864845477548
38,0.0,0.36,0.03,0.22,1.1,0.04883561872551967,1.0,-0.007187543383388784,-0.15632352862054677,0.09825430315393063,0.11214955783219718,18.141907933073632,66.33351493872927,1.075495171238046,-0.3197864845477548
39,0.02,0.36,0.02,0.22,1.1,0.04883561872551967,1.0,-0.007187543383388784,-0.15632352862054677,0.09825430315393063,0.11214955783219718,18.141907933073632,66.33351493872927,1.075495171238046,-0.3197864845477548
40,0.02,0.36,0.03,0.22,1.1,0.04883561872551967,1.0,-0.007187543383388784,-0.15632352862054677,0.09825430315393063,0.11214955783219718,18.141907933073632,66.33351493872927,1.075495171238046,-0.3197864845477548
41,0.04,0.36,0.02,0.22,1.1,0.04883561872551967,1.0,-0.007187543383388784,-0.15632352862054677,0.09825430315393063,0.11214955783219718,18.141907933073632,66.33351493872927,1.075495171238046,-0.3197864845477548
42,0.04,0.36,0.03,0.22,1.1,0.04883561872551967,1.0,-0.007187543383388784,-0.15632352862054677,0.09825430315393063,0.11214955783219718,18.141907933073632,66.33351493872927,1.075495171238046,-0.3197864845477548
43,0.0,0.34,0.02,0.22,1.1,0.04612017627692988,0.75,-0.007187543383389228,-0.15542758231267673,0.09563033704129337,0.1127056402936013,17.778801699754332,65.97040870540997,1.0747729258646959,-0.3197864845477547
44,0.0,0.34,0.03,0.22,1.1,0.04612017627692988,0.75,-0.007187543383389228,-0.15542758231267673,0.09563033704129337,0.1127056402936013,17.778801699754332,65.97040870540997,1.0747729258646959,-0.3197864845477547
45,0.02,0.34,0.02,0.22,1.1,0.04612017627692988,0.75,-0.007187543383389228,-0.15542758231267673,0.09563033704129337,0.1127056402936013,17.778801699754332,65.97040870540997,1.0747729258646959,-0.3197864845477547
46,0.02,0.34,0.03,0.22,1.1,0.04612017627692988,0.75,-0.007187543383389228,-0.15542758231267673,0.09563033704129337,0.1127056402936013,17.778801699754332,65.97040870540997,1.0747729258646959,-0.3197864845477547
47,0.04,0.34,0.02,0.22,1.1,0.04612017627692988,0.75,-0.007187543383389228,-0.15542758231267673,0.09563033704129337,0.1127056402936013,17.778801699754332,65.97040870540997,1.0747729258646959,-0.3197864845477547
48,0.04,0.34,0.03,0.22,1.1,0.04612017627692988,0.75,-0.007187543383389228,-0.15542758231267673,0.09563033704129337,0.1127056402936013,17.778801699754332,65.97040870540997,1.0747729258646959,-0.3197864845477547
49,0.0,0.4,0.02,0.2,1.15,0.034208078316826596,1.0,-0.0045462904533247195,-0.15377697888539255,0.0625690071158667,0.08614739927962041,10.850760728732844,59.04236773438848,1.0701005068166625,-0.307145491133196
50,0.0,0.4,0.03,0.2,1.15,0.034208078316826596,1.0,-0.0045462904533247195,-0.15377697888539255,0.0625690071158667,0.08614739927962041,10.850760728732844,59.04236773438848,1.0701005068166625,-0.307145491133196
51,0.02,0.4,0.02,0.2,1.15,0.034208078316826596,1.0,-0.0045462904533247195,-0.15377697888539255,0.0625690071158667,0.08614739927962041,10.850760728732844,59.04236773438848,1.0701005068166625,-0.307145491133196
52,0.02,0.4,0.03,0.2,1.15,0.034208078316826596,1.0,-0.0045462904533247195,-0.15377697888539255,0.0625690071158667,0.08614739927962041,10.850760728732844,59.04236773438848,1.0701005068166625,-0.307145491133196
53,0.04,0.4,0.02,0.2,1.15,0.034208078316826596,1.0,-0.0045462904533247195,-0.15377697888539255,0.0625690071158667,0.08614739927962041,10.850760728732844,59.04236773438848,1.0701005068166625,-0.307145491133196
54,0.04,0.4,0.03,0.2,1.15,0.034208078316826596,1.0,-0.0045462904533247195,-0.15377697888539255,0.0625690071158667,0.08614739927962041,10.850760728732844,59.04236773438848,1.0701005068166625,-0.307145491133196
55,0.0,0.38,0.02,0.2,1.15,0.0315151756564489,1.0,-0.004235905356352765,-0.15287725678921182,0.05999140535872974,0.08780824807291271,10.528741177373398,58.72034818302903,1.0694517405840398,-0.3071454911331961
56,0.0,0.38,0.03,0.2,1.15,0.0315151756564489,1.0,-0.004235905356352765,-0.15287725678921182,0.05999140535872974,0.08780824807291271,10.528741177373398,58.72034818302903,1.0694517405840398,-0.3071454911331961
57,0.02,0.38,0.02,0.2,1.15,0.0315151756564489,1.0,-0.004235905356352765,-0.15287725678921182,0.05999140535872974,0.08780824807291271,10.528741177373398,58.72034818302903,1.0694517405840398,-0.3071454911331961
58,0.02,0.38,0.03,0.2,1.15,0.0315151756564489,1.0,-0.004235905356352765,-0.15287725678921182,0.05999140535872974,0.08780824807291271,10.528741177373398,58.72034818302903,1.0694517405840398,-0.3071454911331961
59,0.04,0.38,0.02,0.2,1.15,0.0315151756564489,1.0,-0.004235905356352765,-0.15287725678921182,0.05999140535872974,0.08780824807291271,10.528741177373398,58.72034818302903,1.0694517405840398,-0.3071454911331961
60,0.04,0.38,0.03,0.2,1.15,0.0315151756564489,1.0,-0.004235905356352765,-0.15287725678921182,0.05999140535872974,0.08780824807291271,10.528741177373398,58.72034818302903,1.0694517405840398,-0.3071454911331961
61,0.0,0.36,0.02,0.2,1.15,0.028430466239160346,0.75,-0.004056958569142954,-0.15197711764990152,0.05725420557117928,0.089128389060993,10.207882244990877,58.39948925064651,1.0687631247671128,-0.3071454911331971
62,0.0,0.36,0.03,0.2,1.15,0.028430466239160346,0.75,-0.004056958569142954,-0.15197711764990152,0.05725420557117928,0.089128389060993,10.207882244990877,58.39948925064651,1.0687631247671128,-0.3071454911331971
63,0.02,0.36,0.02,0.2,1.15,0.028430466239160346,0.75,-0.004056958569142954,-0.15197711764990152,0.05725420557117928,0.089128389060993,10.207882244990877,58.39948925064651,1.0687631247671128,-0.3071454911331971
64,0.02,0.36,0.03,0.2,1.15,0.028430466239160346,0.75,-0.004056958569142954,-0.15197711764990152,0.05725420557117928,0.089128389060993,10.207882244990877,58.39948925064651,1.0687631247671128,-0.3071454911331971
65,0.04,0.36,0.02,0.2,1.15,0.028430466239160346,0.75,-0.004056958569142954,-0.15197711764990152,0.05725420557117928,0.089128389060993,10.207882244990877,58.39948925064651,1.0687631247671128,-0.3071454911331971
66,0.04,0.36,0.03,0.2,1.15,0.028430466239160346,0.75,-0.004056958569142954,-0.15197711764990152,0.05725420557117928,0.089128389060993,10.207882244990877,58.39948925064651,1.0687631247671128,-0.3071454911331971
67,0.0,0.34,0.02,0.2,1.15,0.024471315729385212,0.75,-0.004056958569143343,-0.15107656145313964,0.05424935028464263,0.09009985142267497,9.888184015133746,58.07979102078938,1.0680345679937189,-0.30714549113319645
68,0.0,0.34,0.03,0.2,1.15,0.024471315729385212,0.75,-0.004056958569143343,-0.15107656145313964,0.05424935028464263,0.09009985142267497,9.888184015133746,58.07979102078938,1.0680345679937189,-0.30714549113319645
69,0.02,0.34,0.02,0.2,1.15,0.024471315729385212,0.75,-0.004056958569143343,-0.15107656145313964,0.05424935028464263,0.09009985142267497,9.888184015133746,58.07979102078938,1.0680345679937189,-0.30714549113319645
70,0.02,0.34,0.03,0.2,1.15,0.024471315729385212,0.75,-0.004056958569143343,-0.15107656145313964,0.05424935028464263,0.09009985142267497,9.888184015133746,58.07979102078938,1.0680345679937189,-0.30714549113319645
71,0.04,0.34,0.02,0.2,1.15,0.024471315729385212,0.75,-0.004056958569143343,-0.15107656145313964,0.05424935028464263,0.09009985142267497,9.888184015133746,58.07979102078938,1.0680345679937189,-0.30714549113319645
72,0.04,0.34,0.03,0.2,1.15,0.024471315729385212,0.75,-0.004056958569143343,-0.15107656145313964,0.05424935028464263,0.09009985142267497,9.888184015133746,58.07979102078938,1.0680345679937189,-0.30714549113319645
73,0.0,0.4,0.02,0.2,1.1,0.010782640897028184,0.5,-0.0034938284004841225,-0.15131753528161906,0.04395777655212288,0.0825266163874339,8.041209440606963,56.232816446262596,1.0742073312888112,-0.3032347000035698
74,0.0,0.4,0.03,0.2,1.1,0.010782640897028184,0.5,-0.0034938284004841225,-0.15131753528161906,0.04395777655212288,0.0825266163874339,8.041209440606963,56.232816446262596,1.0742073312888112,-0.3032347000035698
75,0.02,0.4,0.02,0.2,1.1,0.010782640897028184,0.5,-0.0034938284004841225,-0.15131753528161906,0.04395777655212288,0.0825266163874339,8.041209440606963,56.232816446262596,1.0742073312888112,-0.3032347000035698
76,0.02,0.4,0.03,0.2,1.1,0.010782640897028184,0.5,-0.0034938284004841225,-0.15131753528161906,0.04395777655212288,0.0825266163874339,8.041209440606963,56.232816446262596,1.0742073312888112,-0.3032347000035698
77,0.04,0.4,0.02,0.2,1.1,0.010782640897028184,0.5,-0.0034938284004841225,-0.15131753528161906,0.04395777655212288,0.0825266163874339,8.041209440606963,56.232816446262596,1.0742073312888112,-0.3032347000035698
78,0.04,0.4,0.03,0.2,1.1,0.010782640897028184,0.5,-0.0034938284004841225,-0.15131753528161906,0.04395777655212288,0.0825266163874339,8.041209440606963,56.232816446262596,1.0742073312888112,-0.3032347000035698
79,0.0,0.38,0.02,0.2,1.1,0.008122890149560025,0.5,-0.0034938284004844555,-0.15041519825332217,0.04140836835386414,0.08399569725418495,7.734513299876475,55.92612030553211,1.0735644075928825,-0.3032347000035701
80,0.0,0.38,0.03,0.2,1.1,0.008122890149560025,0.5,-0.0034938284004844555,-0.15041519825332217,0.04140836835386414,0.08399569725418495,7.734513299876475,55.92612030553211,1.0735644075928825,-0.3032347000035701
81,0.02,0.38,0.02,0.2,1.1,0.008122890149560025,0.5,-0.0034938284004844555,-0.15041519825332217,0.04140836835386414,0.08399569725418495,7.734513299876475,55.92612030553211,1.0735644075928825,-0.3032347000035701
82,0.02,0.38,0.03,0.2,1.1,0.008122890149560025,0.5,-0.0034938284004844555,-0.15041519825332217,0.04140836835386414,0.08399569725418495,7.734513299876475,55.92612030553211,1.0735644075928825,-0.3032347000035701
83,0.04,0.38,0.02,0.2,1.1,0.008122890149560025,0.5,-0.0034938284004844555,-0.15041519825332217,0.04140836835386414,0.08399569725418495,7.734513299876475,55.92612030553211,1.0735644075928825,-0.3032347000035701
84,0.04,0.38,0.03,0.2,1.1,0.008122890149560025,0.5,-0.0034938284004844555,-0.15041519825332217,0.04140836835386414,0.08399569725418495,7.734513299876475,55.92612030553211,1.0735644075928825,-0.3032347000035701
85,0.0,0.4,0.02,0.22,1.0,0.006592656893248172,0.75,-0.006064760204279929,-0.15321735161935368,0.06575146428942515,0.10143495818382706,12.606926939726165,60.7985339453818,1.0822817872850898,-0.3121184349007471
86,0.0,0.4,0.03,0.22,1.0,0.006592656893248172,0.75,-0.006064760204279929,-0.15321735161935368,0.06575146428942515,0.10143495818382706,12.606926939726165,60.7985339453818,1.0822817872850898,-0.3121184349007471
87,0.02,0.4,0.02,0.22,1.0,0.006592656893248172,0.75,-0.006064760204279929,-0.15321735161935368,0.06575146428942515,0.10143495818382706,12.606926939726165,60.7985339453818,1.0822817872850898,-0.3121184349007471
88,0.02,0.4,0.03,0.22,1.0,0.006592656893248172,0.75,-0.006064760204279929,-0.15321735161935368,0.06575146428942515,0.10143495818382706,12.606926939726165,60.7985339453818,1.0822817872850898,-0.3121184349007471
89,0.04,0.4,0.02,0.22,1.0,0.006592656893248172,0.75,-0.006064760204279929,-0.15321735161935368,0.06575146428942515,0.10143495818382706,12.606926939726165,60.7985339453818,1.0822817872850898,-0.3121184349007471
90,0.04,0.4,0.03,0.22,1.0,0.006592656893248172,0.75,-0.006064760204279929,-0.15321735161935368,0.06575146428942515,0.10143495818382706,12.606926939726165,60.7985339453818,1.0822817872850898,-0.3121184349007471
91,0.0,0.36,0.02,0.2,1.1,0.005462883981423028,0.5,-0.003493828400484178,-0.1495124429698126,0.038859339652618674,0.085115119879073,7.428922549670709,55.62052955532634,1.0728801647676824,-0.30323470000357
92,0.0,0.36,0.03,0.2,1.1,0.005462883981423028,0.5,-0.003493828400484178,-0.1495124429698126,0.038859339652618674,0.085115119879073,7.428922549670709,55.62052955532634,1.0728801647676824,-0.30323470000357
93,0.02,0.36,0.02,0.2,1.1,0.005462883981423028,0.5,-0.003493828400484178,-0.1495124429698126,0.038859339652618674,0.085115119879073,7.428922549670709,55.62052955532634,1.0728801647676824,-0.30323470000357
94,0.02,0.36,0.03,0.2,1.1,0.005462883981423028,0.5,-0.003493828400484178,-0.1495124429698126,0.038859339652618674,0.085115119879073,7.428922549670709,55.62052955532634,1.0728801647676824,-0.30323470000357
95,0.04,0.36,0.02,0.2,1.1,0.005462883981423028,0.5,-0.003493828400484178,-0.1495124429698126,0.038859339652618674,0.085115119879073,7.428922549670709,55.62052955532634,1.0728801647676824,-0.30323470000357
96,0.04,0.36,0.03,0.2,1.1,0.005462883981423028,0.5,-0.003493828400484178,-0.1495124429698126,0.038859339652618674,0.085115119879073,7.428922549670709,55.62052955532634,1.0728801647676824,-0.30323470000357
97,0.0,0.38,0.02,0.22,1.0,0.004062371924057118,0.75,-0.006064760204279929,-0.15231702872065223,0.06318381209575806,0.10309884639219642,12.275352544967411,60.466959550623045,1.0816443010155103,-0.312118434900748
98,0.0,0.38,0.03,0.22,1.0,0.004062371924057118,0.75,-0.006064760204279929,-0.15231702872065223,0.06318381209575806,0.10309884639219642,12.275352544967411,60.466959550623045,1.0816443010155103,-0.312118434900748
99,0.02,0.38,0.02,0.22,1.0,0.004062371924057118,0.75,-0.006064760204279929,-0.15231702872065223,0.06318381209575806,0.10309884639219642,12.275352544967411,60.466959550623045,1.0816443010155103,-0.312118434900748
100,0.02,0.38,0.03,0.22,1.0,0.004062371924057118,0.75,-0.006064760204279929,-0.15231702872065223,0.06318381209575806,0.10309884639219642,12.275352544967411,60.466959550623045,1.0816443010155103,-0.312118434900748
101,0.04,0.38,0.02,0.22,1.0,0.004062371924057118,0.75,-0.006064760204279929,-0.15231702872065223,0.06318381209575806,0.10309884639219642,12.275352544967411,60.466959550623045,1.0816443010155103,-0.312118434900748
102,0.04,0.38,0.03,0.22,1.0,0.004062371924057118,0.75,-0.006064760204279929,-0.15231702872065223,0.06318381209575806,0.10309884639219642,12.275352544967411,60.466959550623045,1.0816443010155103,-0.312118434900748
103,0.0,0.34,0.02,0.2,1.1,0.0025931817547690805,0.5,-0.003493828400484289,-0.14860926941672392,0.036195760755954175,0.08589762681762533,7.124437269565526,55.31604427522116,1.0721545014271117,-0.3032347000035692
104,0.0,0.34,0.03,0.2,1.1,0.0025931817547690805,0.5,-0.003493828400484289,-0.14860926941672392,0.036195760755954175,0.08589762681762533,7.124437269565526,55.31604427522116,1.0721545014271117,-0.3032347000035692
105,0.02,0.34,0.02,0.2,1.1,0.0025931817547690805,0.5,-0.003493828400484289,-0.14860926941672392,0.036195760755954175,0.08589762681762533,7.124437269565526,55.31604427522116,1.0721545014271117,-0.3032347000035692
106,0.02,0.34,0.03,0.2,1.1,0.0025931817547690805,0.5,-0.003493828400484289,-0.14860926941672392,0.036195760755954175,0.08589762681762533,7.124437269565526,55.31604427522116,1.0721545014271117,-0.3032347000035692
107,0.04,0.34,0.02,0.2,1.1,0.0025931817547690805,0.5,-0.003493828400484289,-0.14860926941672392,0.036195760755954175,0.08589762681762533,7.124437269565526,55.31604427522116,1.0721545014271117,-0.3032347000035692
108,0.04,0.34,0.03,0.2,1.1,0.0025931817547690805,0.5,-0.003493828400484289,-0.14860926941672392,0.036195760755954175,0.08589762681762533,7.124437269565526,55.31604427522116,1.0721545014271117,-0.3032347000035692
109,0.0,0.36,0.02,0.22,1.0,0.0015316130514222426,0.75,-0.006064760204280095,-0.15141628849084654,0.06061652501813507,0.10444313335312079,11.944973037947044,60.13658004360268,1.0809661631811955,-0.3121184349007473
110,0.0,0.36,0.03,0.22,1.0,0.0015316130514222426,0.75,-0.006064760204280095,-0.15141628849084654,0.06061652501813507,0.10444313335312079,11.944973037947044,60.13658004360268,1.0809661631811955,-0.3121184349007473
111,0.02,0.36,0.02,0.22,1.0,0.0015316130514222426,0.75,-0.006064760204280095,-0.15141628849084654,0.06061652501813507,0.10444313335312079,11.944973037947044,60.13658004360268,1.0809661631811955,-0.3121184349007473
112,0.02,0.36,0.03,0.22,1.0,0.0015316130514222426,0.75,-0.006064760204280095,-0.15141628849084654,0.06061652501813507,0.10444313335312079,11.944973037947044,60.13658004360268,1.0809661631811955,-0.3121184349007473
113,0.04,0.36,0.02,0.22,1.0,0.0015316130514222426,0.75,-0.006064760204280095,-0.15141628849084654,0.06061652501813507,0.10444313335312079,11.944973037947044,60.13658004360268,1.0809661631811955,-0.3121184349007473
114,0.04,0.36,0.03,0.22,1.0,0.0015316130514222426,0.75,-0.006064760204280095,-0.15141628849084654,0.06061652501813507,0.10444313335312079,11.944973037947044,60.13658004360268,1.0809661631811955,-0.3121184349007473
115,0.0,0.34,0.02,0.22,1.0,-0.0009996152413711545,0.5,-0.006064760204279929,-0.1505151309155952,0.058049606246201785,0.10546080945521592,11.615788506047458,59.80739551170309,1.0802472766047007,-0.31211843490074764
116,0.0,0.34,0.03,0.22,1.0,-0.0009996152413711545,0.5,-0.006064760204279929,-0.1505151309155952,0.058049606246201785,0.10546080945521592,11.615788506047458,59.80739551170309,1.0802472766047007,-0.31211843490074764
117,0.02,0.34,0.02,0.22,1.0,-0.0009996152413711545,0.5,-0.006064760204279929,-0.1505151309155952,0.058049606246201785,0.10546080945521592,11.615788506047458,59.80739551170309,1.0802472766047007,-0.31211843490074764
118,0.02,0.34,0.03,0.22,1.0,-0.0009996152413711545,0.5,-0.006064760204279929,-0.1505151309155952,0.058049606246201785,0.10546080945521592,11.615788506047458,59.80739551170309,1.0802472766047007,-0.31211843490074764
119,0.04,0.34,0.02,0.22,1.0,-0.0009996152413711545,0.5,-0.006064760204279929,-0.1505151309155952,0.058049606246201785,0.10546080945521592,11.615788506047458,59.80739551170309,1.0802472766047007,-0.31211843490074764
120,0.04,0.34,0.03,0.22,1.0,-0.0009996152413711545,0.5,-0.006064760204279929,-0.1505151309155952,0.058049606246201785,0.10546080945521592,11.615788506047458,59.80739551170309,1.0802472766047007,-0.31211843490074764
121,0.0,0.4,0.02,0.18,1.15,-0.019218914761716666,0.25,-0.0020707503837540386,-0.14699841833365734,-0.004122672756251962,0.06715108518009358,0.939424217348737,49.13103122300437,1.062117266071754,-0.29358310133521437
122,0.0,0.4,0.03,0.18,1.15,-0.019218914761716666,0.25,-0.0020707503837540386,-0.14699841833365734,-0.004122672756251962,0.06715108518009358,0.939424217348737,49.13103122300437,1.062117266071754,-0.29358310133521437
123,0.02,0.4,0.02,0.18,1.15,-0.019218914761716666,0.25,-0.0020707503837540386,-0.14699841833365734,-0.004122672756251962,0.06715108518009358,0.939424217348737,49.13103122300437,1.062117266071754,-0.29358310133521437
124,0.02,0.4,0.03,0.18,1.15,-0.019218914761716666,0.25,-0.0020707503837540386,-0.14699841833365734,-0.004122672756251962,0.06715108518009358,0.939424217348737,49.13103122300437,1.062117266071754,-0.29358310133521437
125,0.04,0.4,0.02,0.18,1.15,-0.019218914761716666,0.25,-0.0020707503837540386,-0.14699841833365734,-0.004122672756251962,0.06715108518009358,0.939424217348737,49.13103122300437,1.062117266071754,-0.29358310133521437
126,0.04,0.4,0.03,0.18,1.15,-0.019218914761716666,0.25,-0.0020707503837540386,-0.14699841833365734,-0.004122672756251962,0.06715108518009358,0.939424217348737,49.13103122300437,1.062117266071754,-0.29358310133521437
127,0.0,0.38,0.02,0.18,1.15,-0.021788953268883082,0.0,-0.001759547582830645,-0.14609149496047913,-0.006319920771275609,0.06881825921205173,0.6714426309280768,48.86304963658371,1.061467926406434,-0.29358310133521404
128,0.0,0.38,0.03,0.18,1.15,-0.021788953268883082,0.0,-0.001759547582830645,-0.14609149496047913,-0.006319920771275609,0.06881825921205173,0.6714426309280768,48.86304963658371,1.061467926406434,-0.29358310133521404
129,0.02,0.38,0.02,0.18,1.15,-0.021788953268883082,0.0,-0.001759547582830645,-0.14609149496047913,-0.006319920771275609,0.06881825921205173,0.6714426309280768,48.86304963658371,1.061467926406434,-0.29358310133521404
130,0.02,0.38,0.03,0.18,1.15,-0.021788953268883082,0.0,-0.001759547582830645,-0.14609149496047913,-0.006319920771275609,0.06881825921205173,0.6714426309280768,48.86304963658371,1.061467926406434,-0.29358310133521404
131,0.04,0.38,0.02,0.18,1.15,-0.021788953268883082,0.0,-0.001759547582830645,-0.14609149496047913,-0.006319920771275609,0.06881825921205173,0.6714426309280768,48.86304963658371,1.061467926406434,-0.29358310133521404
132,0.04,0.38,0.03,0.18,1.15,-0.021788953268883082,0.0,-0.001759547582830645,-0.14609149496047913,-0.006319920771275609,0.06881825921205173,0.6714426309280768,48.86304963658371,1.061467926406434,-0.29358310133521404
133,0.0,0.36,0.02,0.18,1.15,-0.02435791116385222,0.0,-0.0014483154988114144,-0.145184151215754,-0.008610367173489421,0.06916448812376255,0.40442703685170756,48.59603404250734,1.0607757997166058,-0.2935831013352136
134,0.0,0.36,0.03,0.18,1.15,-0.02435791116385222,0.0,-0.0014483154988114144,-0.145184151215754,-0.008610367173489421,0.06916448812376255,0.40442703685170756,48.59603404250734,1.0607757997166058,-0.2935831013352136
135,0.02,0.36,0.02,0.18,1.15,-0.02435791116385222,0.0,-0.0014483154988114144,-0.145184151215754,-0.008610367173489421,0.06916448812376255,0.40442703685170756,48.59603404250734,1.0607757997166058,-0.2935831013352136
136,0.02,0.36,0.03,0.18,1.15,-0.02435791116385222,0.0,-0.0014483154988114144,-0.145184151215754,-0.008610367173489421,0.06916448812376255,0.40442703685170756,48.59603404250734,1.0607757997166058,-0.2935831013352136
137,0.04,0.36,0.02,0.18,1.15,-0.02435791116385222,0.0,-0.0014483154988114144,-0.145184151215754,-0.008610367173489421,0.06916448812376255,0.40442703685170756,48.59603404250734,1.0607757997166058,-0.2935831013352136
138,0.04,0.36,0.03,0.18,1.15,-0.02435791116385222,0.0,-0.0014483154988114144,-0.145184151215754,-0.008610367173489421,0.06916448812376255,0.40442703685170756,48.59603404250734,1.0607757997166058,-0.2935831013352136
139,0.0,0.34,0.02,0.18,1.15,-0.02692578807577517,0.0,-0.0012298833157778355,-0.14427638708504975,-0.01090154458259117,0.06887061917654638,0.13837750355144607,48.32998450920708,1.0600407743975826,-0.29358310133521426
140,0.0,0.34,0.03,0.18,1.15,-0.02692578807577517,0.0,-0.0012298833157778355,-0.14427638708504975,-0.01090154458259117,0.06887061917654638,0.13837750355144607,48.32998450920708,1.0600407743975826,-0.29358310133521426
141,0.02,0.34,0.02,0.18,1.15,-0.02692578807577517,0.0,-0.0012298833157778355,-0.14427638708504975,-0.01090154458259117,0.06887061917654638,0.13837750355144607,48.32998450920708,1.0600407743975826,-0.29358310133521426
142,0.02,0.34,0.03,0.18,1.15,-0.02692578807577517,0.0,-0.0012298833157778355,-0.14427638708504975,-0.01090154458259117,0.06887061917654638,0.13837750355144607,48.32998450920708,1.0600407743975826,-0.29358310133521426
143,0.04,0.34,0.02,0.18,1.15,-0.02692578807577517,0.0,-0.0012298833157778355,-0.14427638708504975,-0.01090154458259117,0.06887061917654638,0.13837750355144607,48.32998450920708,1.0600407743975826,-0.29358310133521426
144,0.04,0.34,0.03,0.18,1.15,-0.02692578807577517,0.0,-0.0012298833157778355,-0.14427638708504975,-0.01090154458259117,0.06887061917654638,0.13837750355144607,48.32998450920708,1.0600407743975826,-0.29358310133521426
145,0.0,0.4,0.02,0.2,1.0,-0.03534480137396123,0.0,-0.002366755006454946,-0.14638156086209198,0.007269790202173381,0.07759243326996318,2.7870562684871842,50.97866327414282,1.081258722746791,-0.29538323593384386
146,0.0,0.4,0.03,0.2,1.0,-0.03534480137396123,0.0,-0.002366755006454946,-0.14638156086209198,0.007269790202173381,0.07759243326996318,2.7870562684871842,50.97866327414282,1.081258722746791,-0.29538323593384386
147,0.02,0.4,0.02,0.2,1.0,-0.03534480137396123,0.0,-0.002366755006454946,-0.14638156086209198,0.007269790202173381,0.07759243326996318,2.7870562684871842,50.97866327414282,1.081258722746791,-0.29538323593384386
148,0.02,0.4,0.03,0.2,1.0,-0.03534480137396123,0.0,-0.002366755006454946,-0.14638156086209198,0.007269790202173381,0.07759243326996318,2.7870562684871842,50.97866327414282,1.081258722746791,-0.29538323593384386
149,0.04,0.4,0.02,0.2,1.0,-0.03534480137396123,0.0,-0.002366755006454946,-0.14638156086209198,0.007269790202173381,0.07759243326996318,2.7870562684871842,50.97866327414282,1.081258722746791,-0.29538323593384386
150,0.04,0.4,0.03,0.2,1.0,-0.03534480137396123,0.0,-0.002366755006454946,-0.14638156086209198,0.007269790202173381,0.07759243326996318,2.7870562684871842,50.97866327414282,1.081258722746791,-0.29538323593384386
151,0.0,0.4,0.02,0.18,1.1,-0.036208141969175545,0.0,-0.0009118589959818402,-0.14449955674820403,-0.017742033782004896,0.05982502675916865,-1.247291276324404,46.94431572933123,1.0678552813615794,-0.286361837662251
152,0.0,0.4,0.03,0.18,1.1,-0.036208141969175545,0.0,-0.0009118589959818402,-0.14449955674820403,-0.017742033782004896,0.05982502675916865,-1.247291276324404,46.94431572933123,1.0678552813615794,-0.286361837662251
153,0.02,0.4,0.02,0.18,1.1,-0.036208141969175545,0.0,-0.0009118589959818402,-0.14449955674820403,-0.017742033782004896,0.05982502675916865,-1.247291276324404,46.94431572933123,1.0678552813615794,-0.286361837662251
154,0.02,0.4,0.03,0.18,1.1,-0.036208141969175545,0.0,-0.0009118589959818402,-0.14449955674820403,-0.017742033782004896,0.05982502675916865,-1.247291276324404,46.94431572933123,1.0678552813615794,-0.286361837662251
155,0.04,0.4,0.02,0.18,1.1,-0.036208141969175545,0.0,-0.0009118589959818402,-0.14449955674820403,-0.017742033782004896,0.05982502675916865,-1.247291276324404,46.94431572933123,1.0678552813615794,-0.286361837662251
156,0.04,0.4,0.03,0.18,1.1,-0.036208141969175545,0.0,-0.0009118589959818402,-0.14449955674820403,-0.017742033782004896,0.05982502675916865,-1.247291276324404,46.94431572933123,1.0678552813615794,-0.286361837662251
157,0.0,0.38,0.02,0.2,1.0,-0.03793939792079759,0.0,-0.0023667550064552234,-0.14547397580208188,0.005198215045125237,0.07951211514719257,2.509016499650336,50.70062350530597,1.0806285527337174,-0.2953832359338431
158,0.0,0.38,0.03,0.2,1.0,-0.03793939792079759,0.0,-0.0023667550064552234,-0.14547397580208188,0.005198215045125237,0.07951211514719257,2.509016499650336,50.70062350530597,1.0806285527337174,-0.2953832359338431
159,0.02,0.38,0.02,0.2,1.0,-0.03793939792079759,0.0,-0.0023667550064552234,-0.14547397580208188,0.005198215045125237,0.07951211514719257,2.509016499650336,50.70062350530597,1.0806285527337174,-0.2953832359338431
160,0.02,0.38,0.03,0.2,1.0,-0.03793939792079759,0.0,-0.0023667550064552234,-0.14547397580208188,0.005198215045125237,0.07951211514719257,2.509016499650336,50.70062350530597,1.0806285527337174,-0.2953832359338431
161,0.04,0.38,0.02,0.2,1.0,-0.03793939792079759,0.0,-0.0023667550064552234,-0.14547397580208188,0.005198215045125237,0.07951211514719257,2.509016499650336,50.70062350530597,1.0806285527337174,-0.2953832359338431
162,0.04,0.38,0.03,0.2,1.0,-0.03793939792079759,0.0,-0.0023667550064552234,-0.14547397580208188,0.005198215045125237,0.07951211514719257,2.509016499650336,50.70062350530597,1.0806285527337174,-0.2953832359338431
163,0.0,0.38,0.02,0.18,1.1,-0.03875493066394131,0.0,-0.0006002720978894316,-0.14358997654996664,-0.019780714811204962,0.06083615599441677,-1.503345584354662,46.68826142130097,1.0672146944856271,-0.28636183766225143
164,0.0,0.38,0.03,0.18,1.1,-0.03875493066394131,0.0,-0.0006002720978894316,-0.14358997654996664,-0.019780714811204962,0.06083615599441677,-1.503345584354662,46.68826142130097,1.0672146944856271,-0.28636183766225143
165,0.02,0.38,0.02,0.18,1.1,-0.03875493066394131,0.0,-0.0006002720978894316,-0.14358997654996664,-0.019780714811204962,0.06083615599441677,-1.503345584354662,46.68826142130097,1.0672146944856271,-0.28636183766225143
166,0.02,0.38,0.03,0.18,1.1,-0.03875493066394131,0.0,-0.0006002720978894316,-0.14358997654996664,-0.019780714811204962,0.06083615599441677,-1.503345584354662,46.68826142130097,1.0672146944856271,-0.28636183766225143
167,0.04,0.38,0.02,0.18,1.1,-0.03875493066394131,0.0,-0.0006002720978894316,-0.14358997654996664,-0.019780714811204962,0.06083615599441677,-1.503345584354662,46.68826142130097,1.0672146944856271,-0.28636183766225143
168,0.04,0.38,0.03,0.18,1.1,-0.03875493066394131,0.0,-0.0006002720978894316,-0.14358997654996664,-0.019780714811204962,0.06083615599441677,-1.503345584354662,46.68826142130097,1.0672146944856271,-0.28636183766225143
169,0.0,0.36,0.02,0.2,1.0,-0.040742941798992405,0.0,-0.0023100130169844135,-0.1445659700542682,0.0029933520469283856,0.08104515017514997,2.231978838388841,50.423585844044474,1.0799540663420182,-0.2953832359338434
170,0.0,0.36,0.03,0.2,1.0,-0.040742941798992405,0.0,-0.0023100130169844135,-0.1445659700542682,0.0029933520469283856,0.08104515017514997,2.231978838388841,50.423585844044474,1.0799540663420182,-0.2953832359338434
171,0.02,0.36,0.02,0.2,1.0,-0.040742941798992405,0.0,-0.0023100130169844135,-0.1445659700542682,0.0029933520469283856,0.08104515017514997,2.231978838388841,50.423585844044474,1.0799540663420182,-0.2953832359338434
172,0.02,0.36,0.03,0.2,1.0,-0.040742941798992405,0.0,-0.0023100130169844135,-0.1445659700542682,0.0029933520469283856,0.08104515017514997,2.231978838388841,50.423585844044474,1.0799540663420182,-0.2953832359338434
173,0.04,0.36,0.02,0.2,1.0,-0.040742941798992405,0.0,-0.0023100130169844135,-0.1445659700542682,0.0029933520469283856,0.08104515017514997,2.231978838388841,50.423585844044474,1.0799540663420182,-0.2953832359338434
174,0.04,0.36,0.03,0.2,1.0,-0.040742941798992405,0.0,-0.0023100130169844135,-0.1445659700542682,0.0029933520469283856,0.08104515017514997,2.231978838388841,50.423585844044474,1.0799540663420182,-0.2953832359338434
175,0.0,0.4,0.02,0.22,0.9,-0.04091909031127927,0.25,-0.005569966987896635,-0.14829785740375456,0.03022982259171889,0.08575395882411894,6.884134218486004,55.07574122414164,1.0858222326421745,-0.3044119789318277
176,0.0,0.4,0.03,0.22,0.9,-0.04091909031127927,0.25,-0.005569966987896635,-0.14829785740375456,0.03022982259171889,0.08575395882411894,6.884134218486004,55.07574122414164,1.0858222326421745,-0.3044119789318277
177,0.02,0.4,0.02,0.22,0.9,-0.04091909031127927,0.25,-0.005569966987896635,-0.14829785740375456,0.03022982259171889,0.08575395882411894,6.884134218486004,55.07574122414164,1.0858222326421745,-0.3044119789318277
178,0.02,0.4,0.03,0.22,0.9,-0.04091909031127927,0.25,-0.005569966987896635,-0.14829785740375456,0.03022982259171889,0.08575395882411894,6.884134218486004,55.07574122414164,1.0858222326421745,-0.3044119789318277
179,0.04,0.4,0.02,0.22,0.9,-0.04091909031127927,0.25,-0.005569966987896635,-0.14829785740375456,0.03022982259171889,0.08575395882411894,6.884134218486004,55.07574122414164,1.0858222326421745,-0.3044119789318277
180,0.04,0.4,0.03,0.22,0.9,-0.04091909031127927,0.25,-0.005569966987896635,-0.14829785740375456,0.03022982259171889,0.08575395882411894,6.884134218486004,55.07574122414164,1.0858222326421745,-0.3044119789318277
181,0.0,0.36,0.02,0.18,1.1,-0.041300650963002394,0.0,-0.0002994186922394837,-0.14267997474870586,-0.02234799608371311,0.06092453842635267,-1.7584768942604043,46.43313011139523,1.066529561790922,-0.2863618376622519
182,0.0,0.36,0.03,0.18,1.1,-0.041300650963002394,0.0,-0.0002994186922394837,-0.14267997474870586,-0.02234799608371311,0.06092453842635267,-1.7584768942604043,46.43313011139523,1.066529561790922,-0.2863618376622519
183,0.02,0.36,0.02,0.18,1.1,-0.041300650963002394,0.0,-0.0002994186922394837,-0.14267997474870586,-0.02234799608371311,0.06092453842635267,-1.7584768942604043,46.43313011139523,1.066529561790922,-0.2863618376622519
184,0.02,0.36,0.03,0.18,1.1,-0.041300650963002394,0.0,-0.0002994186922394837,-0.14267997474870586,-0.02234799608371311,0.06092453842635267,-1.7584768942604043,46.43313011139523,1.066529561790922,-0.2863618376622519
185,0.04,0.36,0.02,0.18,1.1,-0.041300650963002394,0.0,-0.0002994186922394837,-0.14267997474870586,-0.02234799608371311,0.06092453842635267,-1.7584768942604043,46.43313011139523,1.066529561790922,-0.2863618376622519
186,0.04,0.36,0.03,0.18,1.1,-0.041300650963002394,0.0,-0.0002994186922394837,-0.14267997474870586,-0.02234799608371311,0.06092453842635267,-1.7584768942604043,46.43313011139523,1.066529561790922,-0.2863618376622519
187,0.0,0.38,0.02,0.22,0.9,-0.04338471738861349,0.25,-0.005165406111331983,-0.14739230396177194,0.028145203007992035,0.08857830264638204,6.5837699765025945,54.77537698215823,1.0851934481217824,-0.30441197893182803
188,0.0,0.38,0.03,0.22,0.9,-0.04338471738861349,0.25,-0.005165406111331983,-0.14739230396177194,0.028145203007992035,0.08857830264638204,6.5837699765025945,54.77537698215823,1.0851934481217824,-0.30441197893182803
189,0.02,0.38,0.02,0.22,0.9,-0.04338471738861349,0.25,-0.005165406111331983,-0.14739230396177194,0.028145203007992035,0.08857830264638204,6.5837699765025945,54.77537698215823,1.0851934481217824,-0.30441197893182803
190,0.02,0.38,0.03,0.22,0.9,-0.04338471738861349,0.25,-0.005165406111331983,-0.14739230396177194,0.028145203007992035,0.08857830264638204,6.5837699765025945,54.77537698215823,1.0851934481217824,-0.30441197893182803
191,0.04,0.38,0.02,0.22,0.9,-0.04338471738861349,0.25,-0.005165406111331983,-0.14739230396177194,0.028145203007992035,0.08857830264638204,6.5837699765025945,54.77537698215823,1.0851934481217824,-0.30441197893182803
192,0.04,0.38,0.03,0.22,0.9,-0.04338471738861349,0.25,-0.005165406111331983,-0.14739230396177194,0.028145203007992035,0.08857830264638204,6.5837699765025945,54.77537698215823,1.0851934481217824,-0.30441197893182803
193,0.0,0.34,0.02,0.18,1.1,-0.04384530249857488,0.0,-0.00020879409592483578,-0.14176955132994962,-0.025203322404267703,0.06151723973066862,-2.0126851406575597,46.178921864998074,1.0657997583747834,-0.2863618376622511
194,0.0,0.34,0.03,0.18,1.1,-0.04384530249857488,0.0,-0.00020879409592483578,-0.14176955132994962,-0.025203322404267703,0.06151723973066862,-2.0126851406575597,46.178921864998074,1.0657997583747834,-0.2863618376622511
195,0.02,0.34,0.02,0.18,1.1,-0.04384530249857488,0.0,-0.00020879409592483578,-0.14176955132994962,-0.025203322404267703,0.06151723973066862,-2.0126851406575597,46.178921864998074,1.0657997583747834,-0.2863618376622511
196,0.02,0.34,0.03,0.18,1.1,-0.04384530249857488,0.0,-0.00020879409592483578,-0.14176955132994962,-0.025203322404267703,0.06151723973066862,-2.0126851406575597,46.178921864998074,1.0657997583747834,-0.2863618376622511
197,0.04,0.34,0.02,0.18,1.1,-0.04384530249857488,0.0,-0.00020879409592483578,-0.14176955132994962,-0.025203322404267703,0.06151723973066862,-2.0126851406575597,46.178921864998074,1.0657997583747834,-0.2863618376622511
198,0.04,0.34,0.03,0.18,1.1,-0.04384530249857488,0.0,-0.00020879409592483578,-0.14176955132994962,-0.025203322404267703,0.06151723973066862,-2.0126851406575597,46.178921864998074,1.0657997583747834,-0.2863618376622511
199,0.0,0.36,0.02,0.22,0.9,-0.04585082622797221,0.25,-0.004715800116945779,-0.1464863307641454,0.02605953815097216,0.09109126239322869,6.284488150878893,54.47609515653453,1.0845215188209938,-0.3044119789318278
200,0.0,0.36,0.03,0.22,0.9,-0.04585082622797221,0.25,-0.004715800116945779,-0.1464863307641454,0.02605953815097216,0.09109126239322869,6.284488150878893,54.47609515653453,1.0845215188209938,-0.3044119789318278
201,0.02,0.36,0.02,0.22,0.9,-0.04585082622797221,0.25,-0.004715800116945779,-0.1464863307641454,0.02605953815097216,0.09109126239322869,6.284488150878893,54.47609515653453,1.0845215188209938,-0.3044119789318278
202,0.02,0.36,0.03,0.22,0.9,-0.04585082622797221,0.25,-0.004715800116945779,-0.1464863307641454,0.02605953815097216,0.09109126239322869,6.284488150878893,54.47609515653453,1.0845215188209938,-0.3044119789318278
203,0.04,0.36,0.02,0.22,0.9,-0.04585082622797221,0.25,-0.004715800116945779,-0.1464863307641454,0.02605953815097216,0.09109126239322869,6.284488150878893,54.47609515653453,1.0845215188209938,-0.3044119789318278
204,0.04,0.36,0.03,0.22,0.9,-0.04585082622797221,0.25,-0.004715800116945779,-0.1464863307641454,0.02605953815097216,0.09109126239322869,6.284488150878893,54.47609515653453,1.0845215188209938,-0.3044119789318278
205,0.0,0.34,0.02,0.2,1.0,-0.046666444521097805,0.0,-0.0018592047935379052,-0.14365754360420102,-0.0001887449144062482,0.08209549946226759,1.9559433568430933,50.14755036249873,1.079235140164929,-0.2953832359338445
206,0.0,0.34,0.03,0.2,1.0,-0.046666444521097805,0.0,-0.0018592047935379052,-0.14365754360420102,-0.0001887449144062482,0.08209549946226759,1.9559433568430933,50.14755036249873,1.079235140164929,-0.2953832359338445
207,0.02,0.34,0.02,0.2,1.0,-0.046666444521097805,0.0,-0.0018592047935379052,-0.14365754360420102,-0.0001887449144062482,0.08209549946226759,1.9559433568430933,50.14755036249873,1.079235140164929,-0.2953832359338445
208,0.02,0.34,0.03,0.2,1.0,-0.046666444521097805,0.0,-0.0018592047935379052,-0.14365754360420102,-0.0001887449144062482,0.08209549946226759,1.9559433568430933,50.14755036249873,1.079235140164929,-0.2953832359338445
209,0.04,0.34,0.02,0.2,1.0,-0.046666444521097805,0.0,-0.0018592047935379052,-0.14365754360420102,-0.0001887449144062482,0.08209549946226759,1.9559433568430933,50.14755036249873,1.079235140164929,-0.2953832359338445
210,0.04,0.34,0.03,0.2,1.0,-0.046666444521097805,0.0,-0.0018592047935379052,-0.14365754360420102,-0.0001887449144062482,0.08209549946226759,1.9559433568430933,50.14755036249873,1.079235140164929,-0.2953832359338445
211,0.0,0.34,0.02,0.22,0.9,-0.04831741246580834,0.0,-0.004265991427512883,-0.1455799377964495,0.023972833042460354,0.09258629260739404,5.9862888207746465,54.17789582643028,1.0838063297604648,-0.3044119789318275
212,0.0,0.34,0.03,0.22,0.9,-0.04831741246580834,0.0,-0.004265991427512883,-0.1455799377964495,0.023972833042460354,0.09258629260739404,5.9862888207746465,54.17789582643028,1.0838063297604648,-0.3044119789318275
213,0.02,0.34,0.02,0.22,0.9,-0.04831741246580834,0.0,-0.004265991427512883,-0.1455799377964495,0.023972833042460354,0.09258629260739404,5.9862888207746465,54.17789582643028,1.0838063297604648,-0.3044119789318275
214,0.02,0.34,0.03,0.22,0.9,-0.04831741246580834,0.0,-0.004265991427512883,-0.1455799377964495,0.023972833042460354,0.09258629260739404,5.9862888207746465,54.17789582643028,1.0838063297604648,-0.3044119789318275
215,0.04,0.34,0.02,0.22,0.9,-0.04831741246580834,0.0,-0.004265991427512883,-0.1455799377964495,0.023972833042460354,0.09258629260739404,5.9862888207746465,54.17789582643028,1.0838063297604648,-0.3044119789318275
216,0.04,0.34,0.03,0.22,0.9,-0.04831741246580834,0.0,-0.004265991427512883,-0.1455799377964495,0.023972833042460354,0.09258629260739404,5.9862888207746465,54.17789582643028,1.0838063297604648,-0.3044119789318275
217,0.0,0.4,0.02,0.18,1.0,-0.07716194423784073,0.0,0.0014048584812161313,-0.139503775210432,-0.04772701517316783,0.04490424475964383,-5.492814005946556,42.69879299970908,1.0774556429032653,-0.27826996158268524
218,0.0,0.4,0.03,0.18,1.0,-0.07716194423784073,0.0,0.0014048584812161313,-0.139503775210432,-0.04772701517316783,0.04490424475964383,-5.492814005946556,42.69879299970908,1.0774556429032653,-0.27826996158268524
219,0.02,0.4,0.02,0.18,1.0,-0.07716194423784073,0.0,0.0014048584812161313,-0.139503775210432,-0.04772701517316783,0.04490424475964383,-5.492814005946556,42.69879299970908,1.0774556429032653,-0.27826996158268524
220,0.02,0.4,0.03,0.18,1.0,-0.07716194423784073,0.0,0.0014048584812161313,-0.139503775210432,-0.04772701517316783,0.04490424475964383,-5.492814005946556,42.69879299970908,1.0774556429032653,-0.27826996158268524
221,0.04,0.4,0.02,0.18,1.0,-0.07716194423784073,0.0,0.0014048584812161313,-0.139503775210432,-0.04772701517316783,0.04490424475964383,-5.492814005946556,42.69879299970908,1.0774556429032653,-0.27826996158268524
222,0.04,0.4,0.03,0.18,1.0,-0.07716194423784073,0.0,0.0014048584812161313,-0.139503775210432,-0.04772701517316783,0.04490424475964383,-5.492814005946556,42.69879299970908,1.0774556429032653,-0.27826996158268524
223,0.0,0.4,0.02,0.2,0.9,-0.07839611184729711,0.0,-0.00016061253172927614,-0.1414227381451134,-0.02249214374605473,0.06285516898654726,-2.0121758212007634,46.17943118445487,1.0864098449209352,-0.2874925006453375
224,0.0,0.4,0.03,0.2,0.9,-0.07839611184729711,0.0,-0.00016061253172927614,-0.1414227381451134,-0.02249214374605473,0.06285516898654726,-2.0121758212007634,46.17943118445487,1.0864098449209352,-0.2874925006453375
225,0.02,0.4,0.02,0.2,0.9,-0.07839611184729711,0.0,-0.00016061253172927614,-0.1414227381451134,-0.02249214374605473,0.06285516898654726,-2.0121758212007634,46.17943118445487,1.0864098449209352,-0.2874925006453375
226,0.02,0.4,0.03,0.2,0.9,-0.07839611184729711,0.0,-0.00016061253172927614,-0.1414227381451134,-0.02249214374605473,0.06285516898654726,-2.0121758212007634,46.17943118445487,1.0864098449209352,-0.2874925006453375
227,0.04,0.4,0.02,0.2,0.9,-0.07839611184729711,0.0,-0.00016061253172927614,-0.1414227381451134,-0.02249214374605473,0.06285516898654726,-2.0121758212007634,46.17943118445487,1.0864098449209352,-0.2874925006453375
228,0.04,0.4,0.03,0.2,0.9,-0.07839611184729711,0.0,-0.00016061253172927614,-0.1414227381451134,-0.02249214374605473,0.06285516898654726,-2.0121758212007634,46.17943118445487,1.0864098449209352,-0.2874925006453375
229,0.0,0.38,0.02,0.18,1.0,-0.07970363065633601,0.0,0.0015768124840644937,-0.13858888342644682,-0.049924517303736135,0.04705697597202734,-5.725711423352017,42.46589558230362,1.0768337559284995,-0.27826996158268635
230,0.0,0.38,0.03,0.18,1.0,-0.07970363065633601,0.0,0.0015768124840644937,-0.13858888342644682,-0.049924517303736135,0.04705697597202734,-5.725711423352017,42.46589558230362,1.0768337559284995,-0.27826996158268635
231,0.02,0.38,0.02,0.18,1.0,-0.07970363065633601,0.0,0.0015768124840644937,-0.13858888342644682,-0.049924517303736135,0.04705697597202734,-5.725711423352017,42.46589558230362,1.0768337559284995,-0.27826996158268635
232,0.02,0.38,0.03,0.18,1.0,-0.07970363065633601,0.0,0.0015768124840644937,-0.13858888342644682,-0.049924517303736135,0.04705697597202734,-5.725711423352017,42.46589558230362,1.0768337559284995,-0.27826996158268635
233,0.04,0.38,0.02,0.18,1.0,-0.07970363065633601,0.0,0.0015768124840644937,-0.13858888342644682,-0.049924517303736135,0.04705697597202734,-5.725711423352017,42.46589558230362,1.0768337559284995,-0.27826996158268635
234,0.04,0.38,0.03,0.18,1.0,-0.07970363065633601,0.0,0.0015768124840644937,-0.13858888342644682,-0.049924517303736135,0.04705697597202734,-5.725711423352017,42.46589558230362,1.0768337559284995,-0.27826996158268635
235,0.0,0.36,0.02,0.18,1.0,-0.08276273963079062,0.0,0.0017330045494853286,-0.13767356757744476,-0.05300197902660323,0.04885990826508698,-5.9577693162019045,42.23383768945373,1.076163726485205,-0.27826996158268624
236,0.0,0.36,0.03,0.18,1.0,-0.08276273963079062,0.0,0.0017330045494853286,-0.13767356757744476,-0.05300197902660323,0.04885990826508698,-5.9577693162019045,42.23383768945373,1.076163726485205,-0.27826996158268624
237,0.02,0.36,0.02,0.18,1.0,-0.08276273963079062,0.0,0.0017330045494853286,-0.13767356757744476,-0.05300197902660323,0.04885990826508698,-5.9577693162019045,42.23383768945373,1.076163726485205,-0.27826996158268624
238,0.02,0.36,0.03,0.18,1.0,-0.08276273963079062,0.0,0.0017330045494853286,-0.13767356757744476,-0.05300197902660323,0.04885990826508698,-5.9577693162019045,42.23383768945373,1.076163726485205,-0.27826996158268624
239,0.04,0.36,0.02,0.18,1.0,-0.08276273963079062,0.0,0.0017330045494853286,-0.13767356757744476,-0.05300197902660323,0.04885990826508698,-5.9577693162019045,42.23383768945373,1.076163726485205,-0.27826996158268624
240,0.04,0.36,0.03,0.18,1.0,-0.08276273963079062,0.0,0.0017330045494853286,-0.13767356757744476,-0.05300197902660323,0.04885990826508698,-5.9577693162019045,42.23383768945373,1.076163726485205,-0.27826996158268624
241,0.0,0.38,0.02,0.2,0.9,-0.08411761638174342,0.0,0.00019421619919313127,-0.14050988076060023,-0.02596039799820846,0.06595897577807243,-2.264040376819068,45.927566628836566,1.0857933163420483,-0.2874925006453377
242,0.0,0.38,0.03,0.2,0.9,-0.08411761638174342,0.0,0.00019421619919313127,-0.14050988076060023,-0.02596039799820846,0.06595897577807243,-2.264040376819068,45.927566628836566,1.0857933163420483,-0.2874925006453377
243,0.02,0.38,0.02,0.2,0.9,-0.08411761638174342,0.0,0.00019421619919313127,-0.14050988076060023,-0.02596039799820846,0.06595897577807243,-2.264040376819068,45.927566628836566,1.0857933163420483,-0.2874925006453377
244,0.02,0.38,0.03,0.2,0.9,-0.08411761638174342,0.0,0.00019421619919313127,-0.14050988076060023,-0.02596039799820846,0.06595897577807243,-2.264040376819068,45.927566628836566,1.0857933163420483,-0.2874925006453377
245,0.04,0.38,0.02,0.2,0.9,-0.08411761638174342,0.0,0.00019421619919313127,-0.14050988076060023,-0.02596039799820846,0.06595897577807243,-2.264040376819068,45.927566628836566,1.0857933163420483,-0.2874925006453377
246,0.04,0.38,0.03,0.2,0.9,-0.08411761638174342,0.0,0.00019421619919313127,-0.14050988076060023,-0.02596039799820846,0.06595897577807243,-2.264040376819068,45.927566628836566,1.0857933163420483,-0.2874925006453377
247,0.0,0.34,0.02,0.18,1.0,-0.0872945145255043,0.0,0.0018892113001871547,-0.13675782764886935,-0.05654680057725428,0.050280585105695184,-6.188987625023884,42.00261938063175,1.0754454001600846,-0.278269961582685
248,0.0,0.34,0.03,0.18,1.0,-0.0872945145255043,0.0,0.0018892113001871547,-0.13675782764886935,-0.05654680057725428,0.050280585105695184,-6.188987625023884,42.00261938063175,1.0754454001600846,-0.278269961582685
249,0.02,0.34,0.02,0.18,1.0,-0.0872945145255043,0.0,0.0018892113001871547,-0.13675782764886935,-0.05654680057725428,0.050280585105695184,-6.188987625023884,42.00261938063175,1.0754454001600846,-0.278269961582685
250,0.02,0.34,0.03,0.18,1.0,-0.0872945145255043,0.0,0.0018892113001871547,-0.13675782764886935,-0.05654680057725428,0.050280585105695184,-6.188987625023884,42.00261938063175,1.0754454001600846,-0.278269961582685
251,0.04,0.34,0.02,0.18,1.0,-0.0872945145255043,0.0,0.0018892113001871547,-0.13675782764886935,-0.05654680057725428,0.050280585105695184,-6.188987625023884,42.00261938063175,1.0754454001600846,-0.278269961582685
252,0.04,0.34,0.03,0.18,1.0,-0.0872945145255043,0.0,0.0018892113001871547,-0.13675782764886935,-0.05654680057725428,0.050280585105695184,-6.188987625023884,42.00261938063175,1.0754454001600846,-0.278269961582685
253,0.0,0.36,0.02,0.2,0.9,-0.08983000834649069,0.0,0.0003503793347416906,-0.13959660024443188,-0.029426739987413925,0.06850074461226052,-2.514997165248573,45.67660984040706,1.0851294467367019,-0.2874925006453377
254,0.0,0.36,0.03,0.2,0.9,-0.08983000834649069,0.0,0.0003503793347416906,-0.13959660024443188,-0.029426739987413925,0.06850074461226052,-2.514997165248573,45.67660984040706,1.0851294467367019,-0.2874925006453377
255,0.02,0.36,0.02,0.2,0.9,-0.08983000834649069,0.0,0.0003503793347416906,-0.13959660024443188,-0.029426739987413925,0.06850074461226052,-2.514997165248573,45.67660984040706,1.0851294467367019,-0.2874925006453377
256,0.02,0.36,0.03,0.2,0.9,-0.08983000834649069,0.0,0.0003503793347416906,-0.13959660024443188,-0.029426739987413925,0.06850074461226052,-2.514997165248573,45.67660984040706,1.0851294467367019,-0.2874925006453377
257,0.04,0.36,0.02,0.2,0.9,-0.08983000834649069,0.0,0.0003503793347416906,-0.13959660024443188,-0.029426739987413925,0.06850074461226052,-2.514997165248573,45.67660984040706,1.0851294467367019,-0.2874925006453377
258,0.04,0.36,0.03,0.2,0.9,-0.08983000834649069,0.0,0.0003503793347416906,-0.13959660024443188,-0.029426739987413925,0.06850074461226052,-2.514997165248573,45.67660984040706,1.0851294467367019,-0.2874925006453377
259,0.0,0.34,0.02,0.2,0.9,-0.09553328552138107,0.0,0.0005065571535305957,-0.1386828965820759,-0.0328911591874136,0.06981336645428825,-2.765046121142177,45.42656088451346,1.0844180882375811,-0.2874925006453374
260,0.0,0.34,0.03,0.2,0.9,-0.09553328552138107,0.0,0.0005065571535305957,-0.1386828965820759,-0.0328911591874136,0.06981336645428825,-2.765046121142177,45.42656088451346,1.0844180882375811,-0.2874925006453374
261,0.02,0.34,0.02,0.2,0.9,-0.09553328552138107,0.0,0.0005065571535305957,-0.1386828965820759,-0.0328911591874136,0.06981336645428825,-2.765046121142177,45.42656088451346,1.0844180882375811,-0.2874925006453374
262,0.02,0.34,0.03,0.2,0.9,-0.09553328552138107,0.0,0.0005065571535305957,-0.1386828965820759,-0.0328911591874136,0.06981336645428825,-2.765046121142177,45.42656088451346,1.0844180882375811,-0.2874925006453374
263,0.04,0.34,0.02,0.2,0.9,-0.09553328552138107,0.0,0.0005065571535305957,-0.1386828965820759,-0.0328911591874136,0.06981336645428825,-2.765046121142177,45.42656088451346,1.0844180882375811,-0.2874925006453374
264,0.04,0.34,0.03,0.2,0.9,-0.09553328552138107,0.0,0.0005065571535305957,-0.1386828965820759,-0.0328911591874136,0.06981336645428825,-2.765046121142177,45.42656088451346,1.0844180882375811,-0.2874925006453374
265,0.0,0.4,0.02,0.18,0.9,-0.12144092433814924,0.0,0.0031450899039977553,-0.13450538590912053,-0.08149649858012802,0.03419880808298922,-9.513195742076434,38.6784112635792,1.0843194608409716,-0.2701908650684287
266,0.0,0.4,0.03,0.18,0.9,-0.12144092433814924,0.0,0.0031450899039977553,-0.13450538590912053,-0.08149649858012802,0.03419880808298922,-9.513195742076434,38.6784112635792,1.0843194608409716,-0.2701908650684287
267,0.02,0.4,0.02,0.18,0.9,-0.12144092433814924,0.0,0.0031450899039977553,-0.13450538590912053,-0.08149649858012802,0.03419880808298922,-9.513195742076434,38.6784112635792,1.0843194608409716,-0.2701908650684287
268,0.02,0.4,0.03,0.18,0.9,-0.12144092433814924,0.0,0.0031450899039977553,-0.13450538590912053,-0.08149649858012802,0.03419880808298922,-9.513195742076434,38.6784112635792,1.0843194608409716,-0.2701908650684287
269,0.04,0.4,0.02,0.18,0.9,-0.12144092433814924,0.0,0.0031450899039977553,-0.13450538590912053,-0.08149649858012802,0.03419880808298922,-9.513195742076434,38.6784112635792,1.0843194608409716,-0.2701908650684287
270,0.04,0.4,0.03,0.18,0.9,-0.12144092433814924,0.0,0.0031450899039977553,-0.13450538590912053,-0.08149649858012802,0.03419880808298922,-9.513195742076434,38.6784112635792,1.0843194608409716,-0.2701908650684287
271,0.0,0.38,0.02,0.18,0.9,-0.12392026009610935,0.0,0.0033016511489106226,-0.1335851797667763,-0.08340107890347905,0.0372825238585635,-9.724164283803056,38.46744272185258,1.0837172818877132,-0.2701908650684287
272,0.0,0.38,0.03,0.18,0.9,-0.12392026009610935,0.0,0.0033016511489106226,-0.1335851797667763,-0.08340107890347905,0.0372825238585635,-9.724164283803056,38.46744272185258,1.0837172818877132,-0.2701908650684287
273,0.02,0.38,0.02,0.18,0.9,-0.12392026009610935,0.0,0.0033016511489106226,-0.1335851797667763,-0.08340107890347905,0.0372825238585635,-9.724164283803056,38.46744272185258,1.0837172818877132,-0.2701908650684287
274,0.02,0.38,0.03,0.18,0.9,-0.12392026009610935,0.0,0.0033016511489106226,-0.1335851797667763,-0.08340107890347905,0.0372825238585635,-9.724164283803056,38.46744272185258,1.0837172818877132,-0.2701908650684287
275,0.04,0.38,0.02,0.18,0.9,-0.12392026009610935,0.0,0.0033016511489106226,-0.1335851797667763,-0.08340107890347905,0.0372825238585635,-9.724164283803056,38.46744272185258,1.0837172818877132,-0.2701908650684287
276,0.04,0.38,0.03,0.18,0.9,-0.12392026009610935,0.0,0.0033016511489106226,-0.1335851797667763,-0.08340107890347905,0.0372825238585635,-9.724164283803056,38.46744272185258,1.0837172818877132,-0.2701908650684287
277,0.0,0.36,0.02,0.18,0.9,-0.1274620625698918,0.0,0.0034582271256889396,-0.13266454709613718,-0.08603981565607521,0.03919551727300685,-9.934372347920338,38.257234657735296,1.083063313606785,-0.2701908650684288
278,0.0,0.36,0.03,0.18,0.9,-0.1274620625698918,0.0,0.0034582271256889396,-0.13266454709613718,-0.08603981565607521,0.03919551727300685,-9.934372347920338,38.257234657735296,1.083063313606785,-0.2701908650684288
279,0.02,0.36,0.02,0.18,0.9,-0.1274620625698918,0.0,0.0034582271256889396,-0.13266454709613718,-0.08603981565607521,0.03919551727300685,-9.934372347920338,38.257234657735296,1.083063313606785,-0.2701908650684288
280,0.02,0.36,0.03,0.18,0.9,-0.1274620625698918,0.0,0.0034582271256889396,-0.13266454709613718,-0.08603981565607521,0.03919551727300685,-9.934372347920338,38.257234657735296,1.083063313606785,-0.2701908650684288
281,0.04,0.36,0.02,0.18,0.9,-0.1274620625698918,0.0,0.0034582271256889396,-0.13266454709613718,-0.08603981565607521,0.03919551727300685,-9.934372347920338,38.257234657735296,1.083063313606785,-0.2701908650684288
282,0.04,0.36,0.03,0.18,0.9,-0.1274620625698918,0.0,0.0034582271256889396,-0.13266454709613718,-0.08603981565607521,0.03919551727300685,-9.934372347920338,38.257234657735296,1.083063313606785,-0.2701908650684288
283,0.0,0.34,0.02,0.18,0.9,-0.13189307049387644,0.0,0.003614817823844041,-0.13174348788256085,-0.08921528803074824,0.04074132042384283,-10.143819880554823,38.04778712510081,1.0823573683629322,-0.2701908650684286
284,0.0,0.34,0.03,0.18,0.9,-0.13189307049387644,0.0,0.003614817823844041,-0.13174348788256085,-0.08921528803074824,0.04074132042384283,-10.143819880554823,38.04778712510081,1.0823573683629322,-0.2701908650684286
285,0.02,0.34,0.02,0.18,0.9,-0.13189307049387644,0.0,0.003614817823844041,-0.13174348788256085,-0.08921528803074824,0.04074132042384283,-10.143819880554823,38.04778712510081,1.0823573683629322,-0.2701908650684286
286,0.02,0.34,0.03,0.18,0.9,-0.13189307049387644,0.0,0.003614817823844041,-0.13174348788256085,-0.08921528803074824,0.04074132042384283,-10.143819880554823,38.04778712510081,1.0823573683629322,-0.2701908650684286
287,0.04,0.34,0.02,0.18,0.9,-0.13189307049387644,0.0,0.003614817823844041,-0.13174348788256085,-0.08921528803074824,0.04074132042384283,-10.143819880554823,38.04778712510081,1.0823573683629322,-0.2701908650684286
288,0.04,0.34,0.03,0.18,0.9,-0.13189307049387644,0.0,0.003614817823844041,-0.13174348788256085,-0.08921528803074824,0.04074132042384283,-10.143819880554823,38.04778712510081,1.0823573683629322,-0.2701908650684286
