date,ticker,price,rolling_sharpe,rolling_cagr,sharpe_delta,cagr_delta,decreasing,vix,vix_bucket,vix_regime,trend_state,drawdown,drawdown_state,realized_vol,vol_state,regime_combo,rs_bin,policy_action,fwd_5d,fwd_10d,action
2022-01-18 00:00:00+08:00,DCRU.SI,0.9061135053634644,0.6817618432102398,0.15584291777928083,-2.629558788025532,-3.098409992507505,True,,high,low,off,,ok,,low,high|trend_off|dd_ok|vol_low,,de-risk,,,review exposure
2022-01-21 00:00:00+08:00,DCRU.SI,0.9061135053634644,0.7310257808940095,0.15584291777928083,-1.414567047332368,-0.5156125514224281,True,,high,low,off,,ok,,low,high|trend_off|dd_ok|vol_low,,de-risk,,,review exposure
2022-01-25 00:00:00+08:00,DCRU.SI,0.8751353621482849,1.026416065887538,0.2536036304403122,-1.0622261300169267,-0.2965562381726128,True,,high,low,off,,ok,,low,high|trend_off|dd_ok|vol_low,,de-risk,,,review exposure
2022-01-27 00:00:00+08:00,DCRU.SI,0.9138580560684204,1.2472531669233715,0.33600234677316854,-0.5327109588322829,-0.22013248744154246,True,,high,low,off,,ok,,low,high|trend_off|dd_ok|vol_low,,de-risk,,,review exposure
2022-02-03 00:00:00+08:00,DCRU.SI,0.8983688950538635,0.9765288742179273,0.24619951549714725,-0.8417719999157688,-0.30993531871756375,True,,high,low,off,,ok,,low,high|trend_off|dd_ok|vol_low,,de-risk,,,review exposure
2022-02-04 00:00:00+08:00,DCRU.SI,0.8906245231628418,0.12390875323830601,0.0,-0.8526201209796214,-0.24619951549714725,True,,high,low,off,,ok,,low,high|trend_off|dd_ok|vol_low,,de-risk,,,review exposure
2022-02-08 00:00:00+08:00,DCRU.SI,0.8673909306526184,-0.7625099947426079,-0.1991154550867542,-1.1790707473163078,-0.27593338208673357,True,,high,low,off,,ok,,low,high|trend_off|dd_ok|vol_low,,de-risk,,,review exposure
2022-02-09 00:00:00+08:00,DCRU.SI,0.8519017100334167,-1.6311568243063603,-0.35989358333452304,-0.8686468295637524,-0.16077812824776883,True,,high,low,off,,ok,,low,high|trend_off|dd_ok|vol_low,,de-risk,,,review exposure
2022-02-14 00:00:00+08:00,DCRU.SI,0.8751353621482849,-0.6420608635060345,-0.19756027220001904,-0.773772278976391,-0.19756027220001904,True,,high,low,off,,ok,,low,high|trend_off|dd_ok|vol_low,,de-risk,,,review exposure
2022-02-17 00:00:00+08:00,DCRU.SI,0.8751353621482849,-1.0937358580165795,-0.3048948569196388,-0.4885728358881455,-0.11037269848316711,True,,high,low,off,,ok,,low,high|trend_off|dd_ok|vol_low,,de-risk,,,review exposure
2022-02-24 00:00:00+08:00,DCRU.SI,0.8519017100334167,-1.861504277264091,-0.48345969995654103,-1.296499531973484,-0.28893754152006934,True,,high,low,off,,ok,,low,high|trend_off|dd_ok|vol_low,,de-risk,,,review exposure
2022-03-04 00:00:00+08:00,DCRU.SI,0.8673909306526184,-1.3809037761956748,-0.3990512165398189,-0.44759062230501045,-0.0919520706212571,True,,high,low,off,,ok,,low,high|trend_off|dd_ok|vol_low,,de-risk,,,review exposure
2022-03-09 00:00:00+08:00,DCRU.SI,0.8519017100334167,-1.6069405174331572,-0.4455144144435722,-0.6599592509711965,-0.1384152685250104,True,,high,low,off,,ok,,low,high|trend_off|dd_ok|vol_low,,de-risk,,,review exposure
2022-03-11 00:00:00+08:00,DCRU.SI,0.8519017100334167,-1.5766676306443559,-0.4044230974114118,-1.4921153932096578,-0.33247658831146476,True,,high,low,off,,ok,,low,high|trend_off|dd_ok|vol_low,,de-risk,,,review exposure
2022-03-16 00:00:00+08:00,DCRU.SI,0.820923388004303,-2.6628141071793734,-0.5636768932327122,-0.7940255486363164,-0.1093869737383456,True,,high,low,off,,ok,,low,high|trend_off|dd_ok|vol_low,,de-risk,,,review exposure
2022-03-22 00:00:00+08:00,DCRU.SI,0.8596463799476624,-0.02335256803050132,-0.07256884961865961,-0.39926619003819325,-0.14868913622132163,True,,high,low,off,,ok,,low,high|trend_off|dd_ok|vol_low,,de-risk,,,review exposure
2022-03-24 00:00:00+08:00,DCRU.SI,0.8596463799476624,-0.031310247061357016,-0.07256884961865961,-0.4142526161353064,-0.15155266079051177,True,,high,low,off,,ok,,low,high|trend_off|dd_ok|vol_low,,de-risk,,,review exposure
2022-03-25 00:00:00+08:00,DCRU.SI,0.8751353621482849,-0.4528107302193919,-0.19756027220001904,-0.4215004831580349,-0.12499142258135942,True,,high,low,off,,ok,,low,high|trend_off|dd_ok|vol_low,,de-risk,,,review exposure
2022-03-30 00:00:00+08:00,DCRU.SI,0.8596463799476624,-0.7082230392793455,-0.25723472518847235,-0.4423683743240451,-0.11677602764238548,True,,high,low,off,,ok,,low,high|trend_off|dd_ok|vol_low,,de-risk,,,review exposure
2022-04-01 00:00:00+08:00,DCRU.SI,0.8673909306526184,-0.7378760673512169,-0.2552930093783391,-0.45512409404064286,-0.11599872605919459,True,,high,low,off,,ok,,low,high|trend_off|dd_ok|vol_low,,de-risk,,,review exposure
2022-04-11 00:00:00+08:00,DCRU.SI,0.8286680579185486,-1.1342458302735863,-0.3186157930357527,-1.2805660653678168,-0.3186157930357527,True,,high,low,off,,ok,,low,high|trend_off|dd_ok|vol_low,,de-risk,,,review exposure
2022-04-13 00:00:00+08:00,DCRU.SI,0.820923388004303,-1.9265032248603424,-0.4572899701887537,-0.7922573945867561,-0.138674177153001,True,,high,low,off,,ok,,low,high|trend_off|dd_ok|vol_low,,de-risk,,,review exposure
2022-04-22 00:00:00+08:00,DCRU.SI,0.7589670419692993,-3.1697725736430353,-0.6742626657120447,-1.565424904904479,-0.24988006982741673,True,,high,low,off,,ok,,low,high|trend_off|dd_ok|vol_low,,de-risk,,,review exposure
2022-04-29 00:00:00+08:00,DCRU.SI,0.7705838084220886,-1.9231191930154092,-0.5351308958617176,-0.800358842863687,-0.14808969346513712,True,,high,low,off,,ok,,low,high|trend_off|dd_ok|vol_low,,de-risk,,,review exposure
2022-05-04 00:00:00+08:00,DCRU.SI,0.7976897358894348,-2.8997015915728466,-0.6315436060814256,-0.9765823985574373,-0.09641271021970799,True,,high,low,off,,ok,,low,high|trend_off|dd_ok|vol_low,,de-risk,,,review exposure
2022-05-10 00:00:00+08:00,DCRU.SI,0.7434778809547424,-3.385037888436683,-0.7046309434320974,-0.857281645478777,-0.12081622778674461,True,,high,low,off,,ok,,low,high|trend_off|dd_ok|vol_low,,de-risk,,,review exposure
2022-05-18 00:00:00+08:00,DCRU.SI,0.7628392577171326,-2.6182713074566544,-0.633435124444435,-0.3418079910678502,-0.04962040879908214,True,,high,low,off,,ok,,low,high|trend_off|dd_ok|vol_low,,de-risk,,,review exposure
2022-05-24 00:00:00+08:00,DCRU.SI,0.7667115330696106,-2.414431110025442,-0.6175082059629002,-0.4400182900449823,-0.06656539022951802,True,,high,low,off,,ok,,low,high|trend_off|dd_ok|vol_low,,de-risk,,,review exposure
2022-05-31 00:00:00+08:00,DCRU.SI,0.7473500967025757,-1.911871847247844,-0.5455769877373559,-0.3322706959919317,-0.06618606691706119,True,,high,low,off,,ok,,low,high|trend_off|dd_ok|vol_low,,de-risk,,,review exposure
2022-06-06 00:00:00+08:00,DCRU.SI,0.7512224316596985,-1.8681308598646178,-0.525415317054668,-0.46905778360921535,-0.07907896252358182,True,,high,low,off,,ok,,low,high|trend_off|dd_ok|vol_low,,de-risk,,,review exposure
2022-06-14 00:00:00+08:00,DCRU.SI,0.6582877039909363,-3.6198680943837096,-0.744659986560106,-3.2298670183340805,-0.5801927275750365,True,,high,low,off,,ok,,low,high|trend_off|dd_ok|vol_low,,de-risk,,,review exposure
2022-06-15 00:00:00+08:00,DCRU.SI,0.6427985429763794,-4.009967966258749,-0.7819570563555647,-0.3900998718750395,-0.03729706979545866,True,,high,low,off,,ok,,low,high|trend_off|dd_ok|vol_low,,de-risk,,,review exposure
2022-06-16 00:00:00+08:00,DCRU.SI,0.6427985429763794,-5.118547591287791,-0.8369114805074167,-1.1085796250290416,-0.05495442415185203,True,,high,low,off,,ok,,low,high|trend_off|dd_ok|vol_low,,de-risk,,,review exposure
2022-06-23 00:00:00+08:00,DCRU.SI,0.6582877039909363,-2.72019103630109,-0.6841508681748982,-0.4804233426346056,-0.06210313985101301,True,,high,low,off,,ok,,low,high|trend_off|dd_ok|vol_low,,de-risk,,,review exposure
2022-06-24 00:00:00+08:00,DCRU.SI,0.6389263272285461,-3.2927583434055263,-0.7542044423585182,-0.5725673071044364,-0.07005357418362002,True,,high,low,off,,ok,,low,high|trend_off|dd_ok|vol_low,,de-risk,,,review exposure
2022-06-28 00:00:00+08:00,DCRU.SI,0.6505430936813354,-3.571873385557072,-0.7688224650333787,-0.9101115073375605,-0.08065153187685692,True,,high,low,off,,ok,,low,high|trend_off|dd_ok|vol_low,,de-risk,,,review exposure
2022-06-30 00:00:00+08:00,DCRU.SI,0.5963311791419983,-4.848711179443954,-0.8839064326818512,-1.2215109214369608,-0.10951162501432088,True,,high,low,off,,ok,,low,high|trend_off|dd_ok|vol_low,,de-risk,,,review exposure
2022-07-01 00:00:00+08:00,DCRU.SI,0.5808420777320862,-5.989458429911101,-0.9244432346951572,-1.1407472504671476,-0.040536802013306006,True,,high,low,off,,ok,,low,high|trend_off|dd_ok|vol_low,,de-risk,,,review exposure
2022-07-19 00:00:00+08:00,DCRU.SI,0.5653529167175293,-4.5547402960082595,-0.9081605758695772,-0.6297287690310513,-0.033889775137745826,True,,high,low,off,,ok,,low,high|trend_off|dd_ok|vol_low,,de-risk,,,review exposure
2022-08-01 00:00:00+08:00,DCRU.SI,0.6776490807533264,0.13020946061222427,-0.04673522403337538,-0.8942389138715411,-0.5316658817579871,True,,high,low,off,,ok,,low,high|trend_off|dd_ok|vol_low,,de-risk,,,review exposure
2022-08-02 00:00:00+08:00,DCRU.SI,0.6427985429763794,-0.5501484974015556,-0.3265678805956377,-0.6803579580137799,-0.2798326565622623,True,,high,low,off,,ok,,low,high|trend_off|dd_ok|vol_low,,de-risk,,,review exposure
2022-08-17 00:00:00+08:00,DCRU.SI,0.6812677383422852,2.9902058863191847,2.415563992979478,-0.6171477232560623,-1.0024609393551858,True,,high,low,off,,ok,,low,high|trend_off|dd_ok|vol_low,,de-risk,,,review exposure
2022-08-22 00:00:00+08:00,DCRU.SI,0.6613475680351257,3.4234660000476387,2.955463583113418,-0.8208787355301421,-1.4736610128057217,True,,high,low,off,,ok,,low,high|trend_off|dd_ok|vol_low,,de-risk,,,review exposure
2022-08-23 00:00:00+08:00,DCRU.SI,0.6215073466300964,1.346157870621232,0.6696318809589747,-2.077308129426407,-2.285831702154443,True,,high,low,off,,ok,,low,high|trend_off|dd_ok|vol_low,,de-risk,,,review exposure
2022-08-29 00:00:00+08:00,DCRU.SI,0.6254914402961731,1.7237226160610088,0.8628235723192264,-1.2334800784536508,-1.420354924456615,True,,high,low,off,,ok,,low,high|trend_off|dd_ok|vol_low,,de-risk,,,review exposure
2022-09-02 00:00:00+08:00,DCRU.SI,0.637443482875824,2.0276438976973195,1.183847794193241,-0.38157096394402057,-0.41603113558206317,True,,high,low,off,,ok,,low,high|trend_off|dd_ok|vol_low,,de-risk,,,review exposure
2022-09-05 00:00:00+08:00,DCRU.SI,0.6254914402961731,0.7773249340678524,0.26993379328178135,-1.250318963629467,-0.9139140009114597,True,,high,low,off,,ok,,low,high|trend_off|dd_ok|vol_low,,de-risk,,,review exposure
2022-09-06 00:00:00+08:00,DCRU.SI,0.6135392785072327,-0.12772089569529632,-0.12578615841304452,-0.9050458297631487,-0.3957199516948259,True,,high,low,off,,ok,,low,high|trend_off|dd_ok|vol_low,,de-risk,,,review exposure
2022-09-07 00:00:00+08:00,DCRU.SI,0.593619167804718,-1.0225439486945698,-0.4027312543298507,-0.8948230529992734,-0.27694509591680616,True,,high,low,off,,ok,,low,high|trend_off|dd_ok|vol_low,,de-risk,,,review exposure
2022-09-12 00:00:00+08:00,DCRU.SI,0.593619167804718,-2.504238070859218,-0.6549108572758431,-1.7739532226168802,-0.32838856092036195,True,,high,low,off,,ok,,low,high|trend_off|dd_ok|vol_low,,de-risk,,,review exposure
2022-09-19 00:00:00+08:00,DCRU.SI,0.6414274573326111,-1.5723194148458397,-0.47913708239781716,-0.40618534069781687,-0.08557721396680906,True,,high,low,off,,ok,,low,high|trend_off|dd_ok|vol_low,,de-risk,,,review exposure
2022-09-20 00:00:00+08:00,DCRU.SI,0.6334594488143921,-2.1198615952225652,-0.573980095153741,-0.5475421803767255,-0.09484301275592388,True,,high,low,off,,ok,,low,high|trend_off|dd_ok|vol_low,,de-risk,,,review exposure
2022-09-22 00:00:00+08:00,DCRU.SI,0.629475474357605,-2.7967070384956467,-0.6654729359366256,-0.5531282619023168,-0.07386804873524233,True,,high,low,off,,ok,,low,high|trend_off|dd_ok|vol_low,,de-risk,,,review exposure
2022-09-26 00:00:00+08:00,DCRU.SI,0.5657311677932739,-4.1064223931322905,-0.8428742721445762,-1.1395204811503126,-0.1534720406863025,True,,high,low,off,,ok,,low,high|trend_off|dd_ok|vol_low,,de-risk,,,review exposure
2022-10-07 00:00:00+08:00,DCRU.SI,0.5458109974861145,-2.932249557492964,-0.7137687199950657,-0.5600586146346878,-0.07827482305006417,True,,high,low,off,,ok,,low,high|trend_off|dd_ok|vol_low,,de-risk,,,review exposure
2022-10-13 00:00:00+08:00,DCRU.SI,0.49401870369911194,-5.203259571142997,-0.8761185115309549,-2.419206338492918,-0.17927917129740467,True,,high,low,off,,ok,,low,high|trend_off|dd_ok|vol_low,,de-risk,,,review exposure
2022-10-21 00:00:00+08:00,DCRU.SI,0.45816248655319214,-4.955361830442293,-0.9091229498180475,-1.2673576499137202,-0.10025615407421817,True,,high,low,off,,ok,,low,high|trend_off|dd_ok|vol_low,,de-risk,,,review exposure
2022-10-31 00:00:00+08:00,DCRU.SI,0.3984021544456482,-8.358718867241544,-0.9834946635773957,-2.083782085270861,-0.03663845793379639,True,,high,low,off,,ok,,low,high|trend_off|dd_ok|vol_low,,de-risk,,,review exposure
2022-11-14 00:00:00+08:00,DCRU.SI,0.46214643120765686,-2.15002657005099,-0.7939508072074836,-0.518978349369482,-0.08766307802933249,True,,high,low,off,,ok,,low,high|trend_off|dd_ok|vol_low,,de-risk,,,review exposure
2022-11-17 00:00:00+08:00,DCRU.SI,0.46214643120765686,-2.1418110921962743,-0.7939508072074836,-0.3157849292203492,-0.046580212867311066,True,,high,low,off,,ok,,low,high|trend_off|dd_ok|vol_low,,de-risk,,,review exposure
2022-11-22 00:00:00+08:00,DCRU.SI,0.43824243545532227,-2.2209786768565354,-0.809445706831631,-0.34790687839101975,-0.056614423267122405,True,,high,low,off,,ok,,low,high|trend_off|dd_ok|vol_low,,de-risk,,,review exposure
2022-11-28 00:00:00+08:00,DCRU.SI,0.4740985035896301,-0.8212076130550285,-0.5241499196565675,-0.7316598728523677,-0.28339181509773137,True,,high,low,off,,ok,,low,high|trend_off|dd_ok|vol_low,,de-risk,,,review exposure
2022-12-02 00:00:00+08:00,DCRU.SI,0.45816248655319214,-0.6256972798839314,-0.4689694126967454,-1.0453515919690444,-0.5405512206482654,True,,high,low,off,,ok,,low,high|trend_off|dd_ok|vol_low,,de-risk,,,review exposure
2022-12-07 00:00:00+08:00,DCRU.SI,0.4740985035896301,0.8668226476445176,0.43414416809666134,-0.6657726961958943,-0.76255931522125,True,,high,low,off,,ok,,low,high|trend_off|dd_ok|vol_low,,de-risk,,,review exposure
2022-12-13 00:00:00+08:00,DCRU.SI,0.49003466963768005,2.0979070594013005,1.5556653300890186,-1.1975708458259642,-3.135524640798545,True,,high,low,off,,ok,,low,high|trend_off|dd_ok|vol_low,,de-risk,,,review exposure
2022-12-19 00:00:00+08:00,DCRU.SI,0.48605069518089294,1.8976927850044858,1.2116156712272121,-0.5797569409652674,-0.8894738873721746,True,,high,low,off,,ok,,low,high|trend_off|dd_ok|vol_low,,de-risk,,,review exposure
2022-12-20 00:00:00+08:00,DCRU.SI,0.45816248655319214,-0.22603050496819876,-0.19452209267485332,-2.1237232899726846,-1.4061377639020654,True,,high,low,off,,ok,,low,high|trend_off|dd_ok|vol_low,,de-risk,,,review exposure
2022-12-21 00:00:00+08:00,DCRU.SI,0.45019444823265076,-0.8355921903158378,-0.39641772370407247,-0.609561685347639,-0.20189563102921915,True,,high,low,off,,ok,,low,high|trend_off|dd_ok|vol_low,,de-risk,,,review exposure
2022-12-23 00:00:00+08:00,DCRU.SI,0.4302743375301361,-1.7895750933998824,-0.6150876104328028,-0.936200491860932,-0.21336848935795105,True,,high,low,off,,ok,,low,high|trend_off|dd_ok|vol_low,,de-risk,,,review exposure
2022-12-28 00:00:00+08:00,DCRU.SI,0.41035422682762146,-1.9099280612459368,-0.6315435331779506,-0.4917148120543833,-0.10048952581884896,True,,high,low,off,,ok,,low,high|trend_off|dd_ok|vol_low,,de-risk,,,review exposure
2023-01-09 00:00:00+08:00,DCRU.SI,0.47011446952819824,0.8161491087330967,0.33600196168260954,-0.3040577820451854,-0.23247683264582863,True,,high,low,off,,ok,,low,high|trend_off|dd_ok|vol_low,,de-risk,,,review exposure
2023-01-10 00:00:00+08:00,DCRU.SI,0.45019444823265076,-0.7791431835258121,-0.39641772370407247,-1.5952922922589088,-0.732419685386682,True,,high,low,off,,ok,,low,high|trend_off|dd_ok|vol_low,,de-risk,,,review exposure
2023-01-12 00:00:00+08:00,DCRU.SI,0.43425843119621277,-1.0880216406737173,-0.48645916652636545,-0.3002395906519425,-0.08740818663448802,True,,high,low,off,,ok,,low,high|trend_off|dd_ok|vol_low,,de-risk,,,review exposure
2023-01-13 00:00:00+08:00,DCRU.SI,0.43824243545532227,-1.5345074313857674,-0.5809401797231688,-0.4464857907120501,-0.09448101319680335,True,,high,low,off,,ok,,low,high|trend_off|dd_ok|vol_low,,de-risk,,,review exposure
2023-01-19 00:00:00+08:00,DCRU.SI,0.44222643971443176,-1.7490203809375966,-0.5778076715748253,-0.8598676098116599,-0.1733845508653955,True,,high,low,off,,ok,,low,high|trend_off|dd_ok|vol_low,,de-risk,,,review exposure
2023-02-03 00:00:00+08:00,DCRU.SI,0.5418269038200378,2.1189276481428445,1.4905976559119454,-0.5499909937732581,-0.77422096220586,True,,high,low,off,,ok,,low,high|trend_off|dd_ok|vol_low,,de-risk,,,review exposure
2023-02-14 00:00:00+08:00,DCRU.SI,0.5176382064819336,3.324031617300198,2.4808665878957306,-0.5676106603680391,-1.884452153872997,True,,high,low,off,,ok,,low,high|trend_off|dd_ok|vol_low,,de-risk,,,review exposure
2023-02-16 00:00:00+08:00,DCRU.SI,0.497096985578537,2.8012124032434085,1.882068438561391,-0.5726472194231778,-0.6583037580905082,True,,high,low,off,,ok,,low,high|trend_off|dd_ok|vol_low,,de-risk,,,review exposure
2023-02-17 00:00:00+08:00,DCRU.SI,0.4929887354373932,2.434780831130956,1.4912381636855163,-0.3664315721124525,-0.39083027487587474,True,,high,low,off,,ok,,low,high|trend_off|dd_ok|vol_low,,de-risk,,,review exposure
2023-02-21 00:00:00+08:00,DCRU.SI,0.497096985578537,1.8654628062571805,0.98399905270772,-0.5332475571215061,-0.46623472333749194,True,,high,low,off,,ok,,low,high|trend_off|dd_ok|vol_low,,de-risk,,,review exposure
2023-03-01 00:00:00+08:00,DCRU.SI,0.488880455493927,2.527254108982733,1.5055396169914923,-0.5973930676769434,-0.5828293711876484,True,,high,low,off,,ok,,low,high|trend_off|dd_ok|vol_low,,de-risk,,,review exposure
2023-03-03 00:00:00+08:00,DCRU.SI,0.488880455493927,2.5688635235696107,1.5055396169914923,-0.38690880100873803,-0.417540629963169,True,,high,low,off,,ok,,low,high|trend_off|dd_ok|vol_low,,de-risk,,,review exposure
2023-03-06 00:00:00+08:00,DCRU.SI,0.4847722053527832,2.1809575642633057,1.1632228308726673,-0.387905959306305,-0.342316786118825,True,,high,low,off,,ok,,low,high|trend_off|dd_ok|vol_low,,de-risk,,,review exposure
2023-03-07 00:00:00+08:00,DCRU.SI,0.4724475145339966,0.8575473147378201,0.2942135672343478,-1.3234102495254856,-0.8690092636383195,True,,high,low,off,,ok,,low,high|trend_off|dd_ok|vol_low,,de-risk,,,review exposure
2023-03-08 00:00:00+08:00,DCRU.SI,0.45601457357406616,-1.0992847103457544,-0.37292220422505806,-1.9568320250835745,-0.6671357714594058,True,,high,low,off,,ok,,low,high|trend_off|dd_ok|vol_low,,de-risk,,,review exposure
2023-03-10 00:00:00+08:00,DCRU.SI,0.45601457357406616,-1.9998647932471696,-0.5537210614019972,-0.9560814870302121,-0.19237342668689128,True,,high,low,off,,ok,,low,high|trend_off|dd_ok|vol_low,,de-risk,,,review exposure
2023-03-13 00:00:00+08:00,DCRU.SI,0.44368985295295715,-2.757414486203556,-0.6682475565861864,-0.7575496929563863,-0.11452649518418923,True,,high,low,off,,ok,,low,high|trend_off|dd_ok|vol_low,,de-risk,,,review exposure
2023-03-14 00:00:00+08:00,DCRU.SI,0.41493216156959534,-3.6512587125456815,-0.798073763339903,-0.8938442263421256,-0.1298262067537166,True,,high,low,off,,ok,,low,high|trend_off|dd_ok|vol_low,,de-risk,,,review exposure
2023-03-15 00:00:00+08:00,DCRU.SI,0.4067156910896301,-5.127146154660667,-0.8768987111697066,-1.4758874421149857,-0.07882494782980365,True,,high,low,off,,ok,,low,high|trend_off|dd_ok|vol_low,,de-risk,,,review exposure
2023-03-16 00:00:00+08:00,DCRU.SI,0.35330861806869507,-6.972496193495501,-0.9740975781261221,-1.8453500388348338,-0.09719886695641544,True,,high,low,off,,ok,,low,high|trend_off|dd_ok|vol_low,,de-risk,,,review exposure
2023-04-05 00:00:00+08:00,DCRU.SI,0.3861745297908783,-3.3596247430132378,-0.8955107430756349,-0.5245788654369732,-0.03862446576128542,True,,high,low,off,,ok,,low,high|trend_off|dd_ok|vol_low,,de-risk,,,review exposure
2023-04-12 00:00:00+08:00,DCRU.SI,0.3779580295085907,-3.3739016866267892,-0.9065895083874936,-0.5113145019987111,-0.035163076326367504,True,,high,low,off,,ok,,low,high|trend_off|dd_ok|vol_low,,de-risk,,,review exposure
2023-04-27 00:00:00+08:00,DCRU.SI,0.3450920879840851,-1.924512845248056,-0.7484581648137215,-0.4531613026232595,-0.09406052176241497,True,,high,low,off,,ok,,low,high|trend_off|dd_ok|vol_low,,de-risk,,,review exposure
2023-05-02 00:00:00+08:00,DCRU.SI,0.3492003381252289,-1.505223489594215,-0.5302549292113918,-1.9378376522875191,-0.632237012330527,True,,high,low,off,,ok,,low,high|trend_off|dd_ok|vol_low,,de-risk,,,review exposure
2023-05-10 00:00:00+08:00,DCRU.SI,0.34098386764526367,-0.058850589782453284,-0.09570490701828949,-1.510062689803155,-0.7496194843046989,True,,high,low,off,,ok,,low,high|trend_off|dd_ok|vol_low,,de-risk,,,review exposure
2023-05-11 00:00:00+08:00,DCRU.SI,0.33276739716529846,-0.8061904528383909,-0.33295465251615475,-0.7473398630559376,-0.23724974549786526,True,,high,low,off,,ok,,low,high|trend_off|dd_ok|vol_low,,de-risk,,,review exposure
2023-05-12 00:00:00+08:00,DCRU.SI,0.3368755877017975,-1.324828750100315,-0.447436958798737,-0.5186382972619242,-0.11448230628258227,True,,high,low,off,,ok,,low,high|trend_off|dd_ok|vol_low,,de-risk,,,review exposure
2023-05-17 00:00:00+08:00,DCRU.SI,0.34098386764526367,-2.739264663482246,-0.6484543478991857,-1.7087995486067107,-0.26372995238833885,True,,high,low,off,,ok,,low,high|trend_off|dd_ok|vol_low,,de-risk,,,review exposure
2023-05-18 00:00:00+08:00,DCRU.SI,0.34098386764526367,-3.30998941726777,-0.7054375212379993,-0.570724753785524,-0.05698317333881364,True,,high,low,off,,ok,,low,high|trend_off|dd_ok|vol_low,,de-risk,,,review exposure
2023-05-23 00:00:00+08:00,DCRU.SI,0.3574168384075165,-2.5387804191337224,-0.56259543886496,-1.0319656092210392,-0.12645535934814456,True,,high,low,off,,ok,,low,high|trend_off|dd_ok|vol_low,,de-risk,,,review exposure
2023-06-01 00:00:00+08:00,DCRU.SI,0.3368755877017975,-1.9579311049366652,-0.4974725209849623,-0.30206357999808975,-0.057628351281341694,True,,high,low,off,,ok,,low,high|trend_off|dd_ok|vol_low,,de-risk,,,review exposure
2023-06-13 00:00:00+08:00,DCRU.SI,0.3820662498474121,1.4969416585904358,0.7510348936377396,-1.074560365424279,-1.0604276253557452,True,,high,low,off,,ok,,low,high|trend_off|dd_ok|vol_low,,de-risk,,,review exposure
2023-06-15 00:00:00+08:00,DCRU.SI,0.3820662498474121,1.6847530021147143,0.9296090797052101,-0.8754414941539896,-0.8498460056526111,True,,high,low,off,,ok,,low,high|trend_off|dd_ok|vol_low,,de-risk,,,review exposure
2023-06-21 00:00:00+08:00,DCRU.SI,0.3861745297908783,1.886835833457177,1.1109936205489341,-0.42672853686437007,-0.43442496084369164,True,,high,low,off,,ok,,low,high|trend_off|dd_ok|vol_low,,de-risk,,,review exposure
2023-06-26 00:00:00+08:00,DCRU.SI,0.3902827203273773,3.1143698286693815,2.4422481816572423,-0.4682172758067207,-0.7245676065679127,True,,high,low,off,,ok,,low,high|trend_off|dd_ok|vol_low,,de-risk,,,review exposure
2023-06-27 00:00:00+08:00,DCRU.SI,0.3820662498474121,2.2026958466187043,1.3513152273508644,-0.9116739820506772,-1.090932954306378,True,,high,low,off,,ok,,low,high|trend_off|dd_ok|vol_low,,de-risk,,,review exposure
2023-07-14 00:00:00+08:00,DCRU.SI,0.3943910002708435,2.9934148292889717,2.0699602229799234,-0.47947270462598146,-0.688782752934249,True,,high,low,off,,ok,,low,high|trend_off|dd_ok|vol_low,,de-risk,,,review exposure
2023-07-19 00:00:00+08:00,DCRU.SI,0.4108239710330963,3.5374708538159827,2.5498743301917384,-0.8525212252241512,-1.7463257343558172,True,,high,low,off,,ok,,low,high|trend_off|dd_ok|vol_low,,de-risk,,,review exposure
2023-07-21 00:00:00+08:00,DCRU.SI,0.4601227939128876,3.131027946269595,2.3461752586135303,-0.4104243788461823,-0.6399704356185976,True,,high,low,off,,ok,,low,high|trend_off|dd_ok|vol_low,,de-risk,,,review exposure
2023-07-24 00:00:00+08:00,DCRU.SI,0.42725688219070435,1.6634026898949188,0.9588509687080904,-1.4676252563746763,-1.3873242899054399,True,,high,low,off,,ok,,low,high|trend_off|dd_ok|vol_low,,de-risk,,,review exposure
2023-07-27 00:00:00+08:00,DCRU.SI,0.42725688219070435,1.6896973806264453,0.9588509687080904,-0.3813038905470503,-0.39932294718783656,True,,high,low,off,,ok,,low,high|trend_off|dd_ok|vol_low,,de-risk,,,review exposure
2023-07-31 00:00:00+08:00,DCRU.SI,0.4108239710330963,1.3553661593387754,0.6816130070865096,-0.38439931063403154,-0.3184457397915206,True,,high,low,off,,ok,,low,high|trend_off|dd_ok|vol_low,,de-risk,,,review exposure
2023-08-04 00:00:00+08:00,DCRU.SI,0.42689529061317444,1.8507099917716288,1.1237976665835236,-0.3801077477731878,-0.3997802188859132,True,,high,low,off,,ok,,low,high|trend_off|dd_ok|vol_low,,de-risk,,,review exposure
2023-08-14 00:00:00+08:00,DCRU.SI,0.4311642646789551,2.0057169217014623,1.308941119675088,-0.7472805440271633,-0.9461811078702582,True,,high,low,off,,ok,,low,high|trend_off|dd_ok|vol_low,,de-risk,,,review exposure
2023-08-29 00:00:00+08:00,DCRU.SI,0.45677801966667175,2.216096731629296,1.6514281567145166,-1.0212017466229906,-1.6798043607389874,True,,high,low,off,,ok,,low,high|trend_off|dd_ok|vol_low,,de-risk,,,review exposure
2023-09-04 00:00:00+08:00,DCRU.SI,0.48239168524742126,1.2763247589205784,0.4873697624077946,-1.3772506519765184,-1.8293146056111882,True,,high,low,off,,ok,,low,high|trend_off|dd_ok|vol_low,,de-risk,,,review exposure
2023-09-14 00:00:00+08:00,DCRU.SI,0.49946749210357666,5.36566654689907,3.747370018229299,-0.5821103250130415,-0.796330363943432,True,,high,low,off,,ok,,low,high|trend_off|dd_ok|vol_low,,de-risk,,,review exposure
2023-09-15 00:00:00+08:00,DCRU.SI,0.47812268137931824,3.514327874789327,2.0281725977593474,-1.8513386721097431,-1.7191974204699516,True,,high,low,off,,ok,,low,high|trend_off|dd_ok|vol_low,,de-risk,,,review exposure
2023-09-18 00:00:00+08:00,DCRU.SI,0.4695848524570465,2.3417648025426527,1.0483260638597338,-1.1725630722466742,-0.9798465338996136,True,,high,low,off,,ok,,low,high|trend_off|dd_ok|vol_low,,de-risk,,,review exposure
2023-09-21 00:00:00+08:00,DCRU.SI,0.46531587839126587,1.6120302955628678,0.6089774377806505,-1.1983460386905627,-0.793798132252107,True,,high,low,off,,ok,,low,high|trend_off|dd_ok|vol_low,,de-risk,,,review exposure
2023-09-29 00:00:00+08:00,DCRU.SI,0.45250895619392395,0.645362596708292,0.17351684780198595,-0.9784945810796027,-0.4427689572382423,True,,high,low,off,,ok,,low,high|trend_off|dd_ok|vol_low,,de-risk,,,review exposure
2023-10-02 00:00:00+08:00,DCRU.SI,0.4482400119304657,-0.08773057434579075,-0.07653399994721277,-0.7330931710540828,-0.2500508477491987,True,,high,low,off,,ok,,low,high|trend_off|dd_ok|vol_low,,de-risk,,,review exposure
2023-10-05 00:00:00+08:00,DCRU.SI,0.44397103786468506,-1.9635710335261143,-0.46340271955544055,-1.6357792366606612,-0.3168281090833124,True,,high,low,off,,ok,,low,high|trend_off|dd_ok|vol_low,,de-risk,,,review exposure
2023-10-13 00:00:00+08:00,DCRU.SI,0.46531587839126587,-0.2713188219357276,-0.141640009727521,-0.8740669153312663,-0.30828602911766234,True,,high,low,off,,ok,,low,high|trend_off|dd_ok|vol_low,,de-risk,,,review exposure
2023-10-19 00:00:00+08:00,DCRU.SI,0.4482400119304657,-2.1767606387780445,-0.5970710179959425,-1.9462663810257785,-0.4577758290937882,True,,high,low,off,,ok,,low,high|trend_off|dd_ok|vol_low,,de-risk,,,review exposure
2023-10-20 00:00:00+08:00,DCRU.SI,0.4311642646789551,-2.731565477394497,-0.6874983529055871,-0.5548048386164526,-0.09042733490964461,True,,high,low,off,,ok,,low,high|trend_off|dd_ok|vol_low,,de-risk,,,review exposure
2023-10-23 00:00:00+08:00,DCRU.SI,0.40981942415237427,-3.591453787617359,-0.7959998619574842,-0.8598883102228618,-0.10850150905189704,True,,high,low,off,,ok,,low,high|trend_off|dd_ok|vol_low,,de-risk,,,review exposure
2023-10-25 00:00:00+08:00,DCRU.SI,0.43543320894241333,-2.1540590536939908,-0.7059421796505319,-0.7506458723281713,-0.13899647678039484,True,,high,low,off,,ok,,low,high|trend_off|dd_ok|vol_low,,de-risk,,,review exposure
2023-10-26 00:00:00+08:00,DCRU.SI,0.40981942415237427,-2.850442213994711,-0.8101910811301591,-0.6963831603007202,-0.10424890147962729,True,,high,low,off,,ok,,low,high|trend_off|dd_ok|vol_low,,de-risk,,,review exposure
2023-11-06 00:00:00+08:00,DCRU.SI,0.47812268137931824,0.7881955281069237,0.357285931082846,-0.5006138327931129,-0.4853166036460208,True,,high,low,off,,ok,,low,high|trend_off|dd_ok|vol_low,,de-risk,,,review exposure
2023-11-09 00:00:00+08:00,DCRU.SI,0.4482400119304657,-0.02390219893673495,-0.21072189747976577,-1.2870891914922364,-1.0431948790217263,True,,high,low,off,,ok,,low,high|trend_off|dd_ok|vol_low,,de-risk,,,review exposure
2023-11-24 00:00:00+08:00,DCRU.SI,0.5037364363670349,1.1743048956341604,0.8034744910120002,-1.0449971913924285,-2.0652250636496,True,,high,low,off,,ok,,low,high|trend_off|dd_ok|vol_low,,de-risk,,,review exposure
2023-11-29 00:00:00+08:00,DCRU.SI,0.5080054998397827,0.7456982860558851,0.3327032019369256,-0.629420554659797,-0.7442345813257625,True,,high,low,off,,ok,,low,high|trend_off|dd_ok|vol_low,,de-risk,,,review exposure
2023-12-06 00:00:00+08:00,DCRU.SI,0.5336191058158875,2.7866223028810233,3.3256790963237393,-0.7929971831772908,-3.6934117777070767,True,,high,low,off,,ok,,low,high|trend_off|dd_ok|vol_low,,de-risk,,,review exposure
2023-12-11 00:00:00+08:00,DCRU.SI,0.5208122730255127,3.305906836452184,4.314014157248042,-1.3159089496504475,-5.178346738477424,True,,high,low,off,,ok,,low,high|trend_off|dd_ok|vol_low,,de-risk,,,review exposure
2023-12-15 00:00:00+08:00,DCRU.SI,0.5336191058158875,2.425545068569527,1.9264778969053387,-1.5821150725796165,-5.027110720468188,True,,high,low,off,,ok,,low,high|trend_off|dd_ok|vol_low,,de-risk,,,review exposure
2023-12-18 00:00:00+08:00,DCRU.SI,0.5336191058158875,1.8390259043913424,1.1679214574519392,-0.5865191641781846,-0.7585564394533995,True,,high,low,off,,ok,,low,high|trend_off|dd_ok|vol_low,,de-risk,,,review exposure
2023-12-20 00:00:00+08:00,DCRU.SI,0.5378879904747009,1.5643137985990296,0.8635918894432446,-0.8727347621842327,-1.0106283000891547,True,,high,low,off,,ok,,low,high|trend_off|dd_ok|vol_low,,de-risk,,,review exposure
2023-12-27 00:00:00+08:00,DCRU.SI,0.5506949424743652,3.729597469657313,2.277348531286185,-0.697387381920489,-1.6653182089032614,True,,high,low,off,,ok,,low,high|trend_off|dd_ok|vol_low,,de-risk,,,review exposure
2023-12-28 00:00:00+08:00,DCRU.SI,0.5506949424743652,2.644931793639908,1.1141941612505195,-1.084665676017405,-1.1631543700356657,True,,high,low,off,,ok,,low,high|trend_off|dd_ok|vol_low,,de-risk,,,review exposure
2024-01-04 00:00:00+08:00,DCRU.SI,0.567770779132843,3.60026175034583,1.5454163848612952,-1.215218355814009,-1.342169606536646,True,,high,low,off,,ok,,low,high|trend_off|dd_ok|vol_low,,de-risk,,,review exposure
2024-01-05 00:00:00+08:00,DCRU.SI,0.559232771396637,3.0712896614941045,1.2412137282670095,-0.5289720888517255,-0.3042026565942857,True,,high,low,off,,ok,,low,high|trend_off|dd_ok|vol_low,,de-risk,,,review exposure
2024-01-08 00:00:00+08:00,DCRU.SI,0.5378879904747009,1.2899992186014833,0.40512299927248163,-1.7812904428926213,-0.8360907289945279,True,,high,low,off,,ok,,low,high|trend_off|dd_ok|vol_low,,de-risk,,,review exposure
2024-01-10 00:00:00+08:00,DCRU.SI,0.542156994342804,2.1544744550597694,0.8541389433710924,-0.7183908884233494,-0.4017379936950085,True,,high,low,off,,ok,,low,high|trend_off|dd_ok|vol_low,,de-risk,,,review exposure
2024-01-15 00:00:00+08:00,DCRU.SI,0.5549638867378235,1.7148290612357573,0.5919199073356884,-0.8351664065563953,-0.50957816290142,True,,high,low,off,,ok,,low,high|trend_off|dd_ok|vol_low,,de-risk,,,review exposure
2024-01-17 00:00:00+08:00,DCRU.SI,0.5464258790016174,1.2866758843524033,0.39752671908728177,-0.9267221411643687,-0.429422579502458,True,,high,low,off,,ok,,low,high|trend_off|dd_ok|vol_low,,de-risk,,,review exposure
2024-01-19 00:00:00+08:00,DCRU.SI,0.542156994342804,0.579859777687458,0.14263370678376508,-1.3354299527826692,-0.5551231463642081,True,,high,low,off,,ok,,low,high|trend_off|dd_ok|vol_low,,de-risk,,,review exposure
2024-01-22 00:00:00+08:00,DCRU.SI,0.5378879904747009,0.15080888049759897,0.0,-0.429050897189859,-0.14263370678376508,True,,high,low,off,,ok,,low,high|trend_off|dd_ok|vol_low,,de-risk,,,review exposure
2024-01-23 00:00:00+08:00,DCRU.SI,0.5336191058158875,-0.2779254648379517,-0.12482889830481636,-0.42873434533555066,-0.12482889830481636,True,,high,low,off,,ok,,low,high|trend_off|dd_ok|vol_low,,de-risk,,,review exposure
2024-01-25 00:00:00+08:00,DCRU.SI,0.5293501615524292,-0.07662263333350813,-0.06524433626862047,-1.5843133616866123,-0.5619638371990509,True,,high,low,off,,ok,,low,high|trend_off|dd_ok|vol_low,,de-risk,,,review exposure
2024-01-29 00:00:00+08:00,DCRU.SI,0.5122743248939514,-1.6974077960419727,-0.41848734181777314,-1.6189974471808395,-0.35273246792084956,True,,high,low,off,,ok,,low,high|trend_off|dd_ok|vol_low,,de-risk,,,review exposure
2024-02-01 00:00:00+08:00,DCRU.SI,0.5464258790016174,0.3574675500471223,0.06810029416855734,-0.5883610672980739,-0.23479532752530452,True,,high,low,off,,ok,,low,high|trend_off|dd_ok|vol_low,,de-risk,,,review exposure
2024-02-14 00:00:00+08:00,DCRU.SI,0.5746133923530579,0.8321138541958616,0.2559671913955224,-0.7568585282648163,-0.36725809720716507,True,,high,low,off,,ok,,low,high|trend_off|dd_ok|vol_low,,de-risk,,,review exposure
2024-02-15 00:00:00+08:00,DCRU.SI,0.5655991435050964,-0.11880121468557105,-0.09072874197254022,-0.9509150688814326,-0.3466959333680626,True,,high,low,off,,ok,,low,high|trend_off|dd_ok|vol_low,,de-risk,,,review exposure
2024-02-16 00:00:00+08:00,DCRU.SI,0.547924280166626,-0.6867005040866626,-0.2583498817812221,-0.5678992894010916,-0.16762113980868187,True,,high,low,off,,ok,,low,high|trend_off|dd_ok|vol_low,,de-risk,,,review exposure
2024-02-20 00:00:00+08:00,DCRU.SI,0.5037367939949036,-1.2527070497798818,-0.42363269341980614,-0.5405833996130051,-0.15840847384989798,True,,high,low,off,,ok,,low,high|trend_off|dd_ok|vol_low,,de-risk,,,review exposure
2024-02-21 00:00:00+08:00,DCRU.SI,0.5081555843353271,-1.8136522481984427,-0.5229667759587979,-0.5609451984185609,-0.09933408253899179,True,,high,low,off,,ok,,low,high|trend_off|dd_ok|vol_low,,de-risk,,,review exposure
2024-02-27 00:00:00+08:00,DCRU.SI,0.5390867590904236,-0.4444491870370574,-0.2163735053479141,-0.3505237324287442,-0.11468904010136438,True,,high,low,off,,ok,,low,high|trend_off|dd_ok|vol_low,,de-risk,,,review exposure
2024-02-28 00:00:00+08:00,DCRU.SI,0.5302492380142212,-0.7959105025960769,-0.31796168660472957,-0.3514613155590195,-0.10158818125681546,True,,high,low,off,,ok,,low,high|trend_off|dd_ok|vol_low,,de-risk,,,review exposure
2024-02-29 00:00:00+08:00,DCRU.SI,0.512574315071106,-1.1570532124888506,-0.4156206298370283,-0.36114270989277375,-0.09765894323229873,True,,high,low,off,,ok,,low,high|trend_off|dd_ok|vol_low,,de-risk,,,review exposure
2024-03-07 00:00:00+08:00,DCRU.SI,0.5435054898262024,0.09296577827973357,-0.044016327366101615,-0.31486883358916884,-0.13342109360814725,True,,high,low,off,,ok,,low,high|trend_off|dd_ok|vol_low,,de-risk,,,review exposure
2024-03-13 00:00:00+08:00,DCRU.SI,0.49931806325912476,-1.6013820183568936,-0.49913742287327856,-2.1647556332542504,-0.6592423416607225,True,,high,low,off,,ok,,low,high|trend_off|dd_ok|vol_low,,de-risk,,,review exposure
2024-03-14 00:00:00+08:00,DCRU.SI,0.49931806325912476,-1.9635382478716468,-0.560745731613143,-0.3621562295147531,-0.06160830873986445,True,,high,low,off,,ok,,low,high|trend_off|dd_ok|vol_low,,de-risk,,,review exposure
2024-03-20 00:00:00+08:00,DCRU.SI,0.5037367939949036,-2.395827717481025,-0.634020005830265,-0.8777907527186566,-0.15102307103766732,True,,high,low,off,,ok,,low,high|trend_off|dd_ok|vol_low,,de-risk,,,review exposure
2024-03-26 00:00:00+08:00,DCRU.SI,0.5258305668830872,-1.9633710285208317,-0.5820993767116677,-0.33655785373456126,-0.0628008678316202,True,,high,low,off,,ok,,low,high|trend_off|dd_ok|vol_low,,de-risk,,,review exposure
2024-04-05 00:00:00+08:00,DCRU.SI,0.5346680283546448,0.7849633571532887,0.23477659000553608,-0.413276538985362,-0.19497353854392174,True,,high,low,off,,ok,,low,high|trend_off|dd_ok|vol_low,,de-risk,,,review exposure
2024-04-08 00:00:00+08:00,DCRU.SI,0.5346680283546448,0.16100229835268626,0.0,-0.6239610588006024,-0.23477659000553608,True,,high,low,off,,ok,,low,high|trend_off|dd_ok|vol_low,,de-risk,,,review exposure
2024-04-09 00:00:00+08:00,DCRU.SI,0.5390867590904236,-0.2625747629507028,-0.12767121981569807,-0.42357706130338907,-0.12767121981569807,True,,high,low,off,,ok,,low,high|trend_off|dd_ok|vol_low,,de-risk,,,review exposure
2024-04-16 00:00:00+08:00,DCRU.SI,0.5258305668830872,0.15255325399918884,0.0,-1.3481995132319944,-0.52747928440278,True,,high,low,off,,ok,,low,high|trend_off|dd_ok|vol_low,,de-risk,,,review exposure
2024-04-18 00:00:00+08:00,DCRU.SI,0.5258305668830872,0.13611645493556193,0.0,-0.9717544113269426,-0.33270079343509273,True,,high,low,off,,ok,,low,high|trend_off|dd_ok|vol_low,,de-risk,,,review exposure
2024-04-19 00:00:00+08:00,DCRU.SI,0.512574315071106,-1.3772470924214366,-0.34532663702147415,-1.5133635473569986,-0.34532663702147415,True,,high,low,off,,ok,,low,high|trend_off|dd_ok|vol_low,,de-risk,,,review exposure
2024-05-03 00:00:00+08:00,DCRU.SI,0.5302492380142212,0.925479248873842,0.2369762901698229,-1.3756128955590952,-0.5223271567264627,True,,high,low,off,,ok,,low,high|trend_off|dd_ok|vol_low,,de-risk,,,review exposure
2024-05-07 00:00:00+08:00,DCRU.SI,0.512574315071106,0.1303471965565711,0.0,-1.6841495776913604,-0.5385853258783091,True,,high,low,off,,ok,,low,high|trend_off|dd_ok|vol_low,,de-risk,,,review exposure
2024-05-13 00:00:00+08:00,DCRU.SI,0.5346680283546448,0.38048042064381415,0.07219792504707323,-0.7313262886970195,-0.24790592389084876,True,,high,low,off,,ok,,low,high|trend_off|dd_ok|vol_low,,de-risk,,,review exposure
2024-05-16 00:00:00+08:00,DCRU.SI,0.547924280166626,0.6140028582458784,0.14635676675567733,-0.6978982546000548,-0.26666101226291405,True,,high,low,off,,ok,,low,high|trend_off|dd_ok|vol_low,,de-risk,,,review exposure
2024-05-20 00:00:00+08:00,DCRU.SI,0.5390867590904236,0.6220301786765121,0.14894790990713758,-0.48917411318466364,-0.1681563012647036,True,,high,low,off,,ok,,low,high|trend_off|dd_ok|vol_low,,de-risk,,,review exposure
2024-05-21 00:00:00+08:00,DCRU.SI,0.5258305668830872,-0.33192655231189055,-0.13064421265951354,-0.9539567309884027,-0.2795921225666511,True,,high,low,off,,ok,,low,high|trend_off|dd_ok|vol_low,,de-risk,,,review exposure
2024-05-24 00:00:00+08:00,DCRU.SI,0.5346680283546448,-0.06889030066049573,-0.06680023019169601,-0.6612359785930326,-0.21444015115632842,True,,high,low,off,,ok,,low,high|trend_off|dd_ok|vol_low,,de-risk,,,review exposure
2024-05-28 00:00:00+08:00,DCRU.SI,0.5390867590904236,-0.08103654490469979,-0.06627340224656464,-0.6771039440899267,-0.21522131215370222,True,,high,low,off,,ok,,low,high|trend_off|dd_ok|vol_low,,de-risk,,,review exposure
2024-05-31 00:00:00+08:00,DCRU.SI,0.512574315071106,-0.557100201606364,-0.193039088558276,-0.4660860867727346,-0.12460601918832304,True,,high,low,off,,ok,,low,high|trend_off|dd_ok|vol_low,,de-risk,,,review exposure
2024-06-05 00:00:00+08:00,DCRU.SI,0.512574315071106,-0.6068694822207369,-0.193039088558276,-0.7500264006495755,-0.193039088558276,True,,high,low,off,,ok,,low,high|trend_off|dd_ok|vol_low,,de-risk,,,review exposure
2024-06-06 00:00:00+08:00,DCRU.SI,0.5037367939949036,-1.892238224862935,-0.43431055627510995,-1.285368742642198,-0.24127146771683394,True,,high,low,off,,ok,,low,high|trend_off|dd_ok|vol_low,,de-risk,,,review exposure
2024-06-12 00:00:00+08:00,DCRU.SI,0.48164308071136475,-3.0929098589196173,-0.6376071006248154,-1.7138617288702578,-0.2899334079422178,True,,high,low,off,,ok,,low,high|trend_off|dd_ok|vol_low,,de-risk,,,review exposure
2024-06-24 00:00:00+08:00,DCRU.SI,0.512574315071106,-1.6102154340052612,-0.4289095838537882,-1.3250752234844598,-0.29826537119427465,True,,high,low,off,,ok,,low,high|trend_off|dd_ok|vol_low,,de-risk,,,review exposure
2024-06-26 00:00:00+08:00,DCRU.SI,0.49489927291870117,-1.8163487225814432,-0.4775630997206318,-0.41756207604700735,-0.08884903157437052,True,,high,low,off,,ok,,low,high|trend_off|dd_ok|vol_low,,de-risk,,,review exposure
2024-07-05 00:00:00+08:00,DCRU.SI,0.5258305668830872,-0.6423245013274815,-0.2424838388248458,-1.2085668667184053,-0.3927608767901396,True,,high,low,off,,ok,,low,high|trend_off|dd_ok|vol_low,,de-risk,,,review exposure
2024-07-09 00:00:00+08:00,DCRU.SI,0.5081555843353271,-1.2677291332739755,-0.391249240171499,-0.6124457701603689,-0.1452359003484729,True,,high,low,off,,ok,,low,high|trend_off|dd_ok|vol_low,,de-risk,,,review exposure
2024-07-16 00:00:00+08:00,DCRU.SI,0.5435054898262024,1.2286027427729613,0.5220957897255905,-0.5223591346458412,-0.3511596092788485,True,,high,low,off,,ok,,low,high|trend_off|dd_ok|vol_low,,de-risk,,,review exposure
2024-07-22 00:00:00+08:00,DCRU.SI,0.547924280166626,1.8855449107620996,1.026477211961517,-0.7029937182896588,-0.6193567233543131,True,,high,low,off,,ok,,low,high|trend_off|dd_ok|vol_low,,de-risk,,,review exposure
2024-07-24 00:00:00+08:00,DCRU.SI,0.547924280166626,1.7070246696494322,0.8831299152359704,-0.3391883266776825,-0.2847917693347126,True,,high,low,off,,ok,,low,high|trend_off|dd_ok|vol_low,,de-risk,,,review exposure
2024-07-26 00:00:00+08:00,DCRU.SI,0.49931806325912476,1.2672125576777244,0.5813747940061302,-0.533212776141516,-0.365895713736375,True,,high,low,off,,ok,,low,high|trend_off|dd_ok|vol_low,,de-risk,,,review exposure
2024-07-31 00:00:00+08:00,DCRU.SI,0.5154681205749512,1.0123574016832626,0.4078421451536707,-0.5775294268837974,-0.41474133644443967,True,,high,low,off,,ok,,low,high|trend_off|dd_ok|vol_low,,de-risk,,,review exposure
2024-08-01 00:00:00+08:00,DCRU.SI,0.5199897885322571,0.6643244069022566,0.21334455430746369,-0.348032994781006,-0.194497590846207,True,,high,low,off,,ok,,low,high|trend_off|dd_ok|vol_low,,de-risk,,,review exposure
2024-08-02 00:00:00+08:00,DCRU.SI,0.524511456489563,0.14284115294413846,-0.020877880007448835,-0.5214832539581181,-0.23422243431491252,True,,high,low,off,,ok,,low,high|trend_off|dd_ok|vol_low,,de-risk,,,review exposure
2024-08-06 00:00:00+08:00,DCRU.SI,0.5109464526176453,0.12709552065590307,-0.026365834208601613,-0.36708756890858735,-0.15459933374792978,True,,high,low,off,,ok,,low,high|trend_off|dd_ok|vol_low,,de-risk,,,review exposure
2024-08-08 00:00:00+08:00,DCRU.SI,0.5109464526176453,0.8676586663367815,0.3074106224782789,-0.3816348210334205,-0.20759831389628114,True,,high,low,off,,ok,,low,high|trend_off|dd_ok|vol_low,,de-risk,,,review exposure
2024-08-13 00:00:00+08:00,DCRU.SI,0.524511456489563,0.6779118414842991,0.21334516469111464,-0.36386608667969855,-0.19086127443129874,True,,high,low,off,,ok,,low,high|trend_off|dd_ok|vol_low,,de-risk,,,review exposure
2024-08-15 00:00:00+08:00,DCRU.SI,0.5290330648422241,-0.25298831682744577,-0.14626541863589304,-1.1120879185827912,-0.4503273060478473,True,,high,low,off,,ok,,low,high|trend_off|dd_ok|vol_low,,de-risk,,,review exposure
2024-08-23 00:00:00+08:00,DCRU.SI,0.5561630129814148,1.2894879757522189,0.4930186094235871,-0.3841336707276528,-0.22638821304151446,True,,high,low,off,,ok,,low,high|trend_off|dd_ok|vol_low,,de-risk,,,review exposure
2024-08-26 00:00:00+08:00,DCRU.SI,0.5516413450241089,-0.5442778041945476,-0.18933065481707478,-1.8337657799467664,-0.6823492642406619,True,,high,low,off,,ok,,low,high|trend_off|dd_ok|vol_low,,de-risk,,,review exposure
2024-08-29 00:00:00+08:00,DCRU.SI,0.5425981283187866,-0.37493813710382773,-0.13888094809972262,-0.7083077123046162,-0.1961330410170148,True,,high,low,off,,ok,,low,high|trend_off|dd_ok|vol_low,,de-risk,,,review exposure
2024-09-02 00:00:00+08:00,DCRU.SI,0.5425981283187866,-1.067290199533337,-0.29442334203461107,-0.46997492004631236,-0.10509268721753628,True,,high,low,off,,ok,,low,high|trend_off|dd_ok|vol_low,,de-risk,,,review exposure
2024-09-04 00:00:00+08:00,DCRU.SI,0.524511456489563,-1.4087793730228135,-0.35227990516618213,-0.7424529121432029,-0.15220775837333334,True,,high,low,off,,ok,,low,high|trend_off|dd_ok|vol_low,,de-risk,,,review exposure
2024-09-10 00:00:00+08:00,DCRU.SI,0.5380764603614807,2.435797354498883,0.6170268823616321,-0.6495047165627326,-0.25676094012499506,True,,high,low,off,,ok,,low,high|trend_off|dd_ok|vol_low,,de-risk,,,review exposure
2024-09-11 00:00:00+08:00,DCRU.SI,0.5290330648422241,1.3559930030878762,0.3040618874119543,-1.079804351411007,-0.3129649949496778,True,,high,low,off,,ok,,low,high|trend_off|dd_ok|vol_low,,de-risk,,,review exposure
2024-09-12 00:00:00+08:00,DCRU.SI,0.5199897885322571,0.4418735544653352,0.07612131203046912,-0.914119448622541,-0.22794057538148516,True,,high,low,off,,ok,,low,high|trend_off|dd_ok|vol_low,,de-risk,,,review exposure
2024-09-13 00:00:00+08:00,DCRU.SI,0.5154681205749512,-0.23175030932309937,-0.07073673867385921,-0.6736238637884346,-0.14685805070432834,True,,high,low,off,,ok,,low,high|trend_off|dd_ok|vol_low,,de-risk,,,review exposure
2024-09-23 00:00:00+08:00,DCRU.SI,0.5380764603614807,0.9509889960470521,0.23921802419511362,-2.0243040146037177,-0.7994401142382479,True,,high,low,off,,ok,,low,high|trend_off|dd_ok|vol_low,,de-risk,,,review exposure
2024-09-27 00:00:00+08:00,DCRU.SI,0.5561630129814148,0.9379854807507064,0.23049547132121884,-0.7800607384755194,-0.2916004008974422,True,,high,low,off,,ok,,low,high|trend_off|dd_ok|vol_low,,de-risk,,,review exposure
2024-10-03 00:00:00+08:00,DCRU.SI,0.5561630129814148,0.11859524994427381,0.0,-0.5511591583408426,-0.14764100754401954,True,,high,low,off,,ok,,low,high|trend_off|dd_ok|vol_low,,de-risk,,,review exposure
2024-10-04 00:00:00+08:00,DCRU.SI,0.5425981283187866,-0.6850315958936747,-0.18731923578209486,-0.8036268458379485,-0.18731923578209486,True,,high,low,off,,ok,,low,high|trend_off|dd_ok|vol_low,,de-risk,,,review exposure
2024-10-08 00:00:00+08:00,DCRU.SI,0.524511456489563,-1.2068700087603637,-0.2984635976346476,-0.5153200647889912,-0.10974654691239605,True,,high,low,off,,ok,,low,high|trend_off|dd_ok|vol_low,,de-risk,,,review exposure
2024-10-11 00:00:00+08:00,DCRU.SI,0.5380764603614807,-0.610434830872184,-0.18871705072225153,-0.5009308244675159,-0.12083719645604862,True,,high,low,off,,ok,,low,high|trend_off|dd_ok|vol_low,,de-risk,,,review exposure
2024-10-17 00:00:00+08:00,DCRU.SI,0.5154681205749512,-0.9104281237485827,-0.25149998874775714,-1.0441710897054797,-0.25149998874775714,True,,high,low,off,,ok,,low,high|trend_off|dd_ok|vol_low,,de-risk,,,review exposure
2024-10-29 00:00:00+08:00,DCRU.SI,0.5561630129814148,1.1332818386675596,0.3201039339757332,-0.7451235301414123,-0.309122099092233,True,,high,low,off,,ok,,low,high|trend_off|dd_ok|vol_low,,de-risk,,,review exposure
2024-11-01 00:00:00+08:00,DCRU.SI,0.547119677066803,-0.8801909646669319,-0.23905559479359195,-2.2377971380421835,-0.6480881691127081,True,,high,low,off,,ok,,low,high|trend_off|dd_ok|vol_low,,de-risk,,,review exposure
2024-11-07 00:00:00+08:00,DCRU.SI,0.53355473279953,-0.9742495562930883,-0.244235983837783,-1.3740902773491954,-0.31643143801949636,True,,high,low,off,,ok,,low,high|trend_off|dd_ok|vol_low,,de-risk,,,review exposure
2024-11-08 00:00:00+08:00,DCRU.SI,0.524511456489563,-1.7848033417330493,-0.3887144170051412,-0.810553785439961,-0.1444784331673582,True,,high,low,off,,ok,,low,high|trend_off|dd_ok|vol_low,,de-risk,,,review exposure
2024-11-15 00:00:00+08:00,DCRU.SI,0.5425981283187866,-0.6133891156018102,-0.18731923578209486,-0.49463772756771024,-0.12104539513529367,True,,high,low,off,,ok,,low,high|trend_off|dd_ok|vol_low,,de-risk,,,review exposure
2024-11-21 00:00:00+08:00,DCRU.SI,0.5516413450241089,0.6892789324467491,0.1489458105382655,-0.7947862702291623,-0.27649696994799977,True,,high,low,off,,ok,,low,high|trend_off|dd_ok|vol_low,,de-risk,,,review exposure
2024-12-02 00:00:00+08:00,DCRU.SI,0.5380764603614807,1.1683616603542393,0.33270213858138287,-1.4198890183996573,-0.5605238278131903,True,,high,low,off,,ok,,low,high|trend_off|dd_ok|vol_low,,de-risk,,,review exposure
2024-12-05 00:00:00+08:00,DCRU.SI,0.5425981283187866,0.3897502837360731,0.07282307391046228,-0.5122907077325886,-0.16415496273711838,True,,high,low,off,,ok,,low,high|trend_off|dd_ok|vol_low,,de-risk,,,review exposure
2024-12-06 00:00:00+08:00,DCRU.SI,0.53355473279953,-0.12140071176997855,-0.06843350173322071,-0.5111509955060517,-0.141256575643683,True,,high,low,off,,ok,,low,high|trend_off|dd_ok|vol_low,,de-risk,,,review exposure
2024-12-09 00:00:00+08:00,DCRU.SI,0.5290330648422241,-0.6331327133805145,-0.19157820884987664,-0.5117320016105359,-0.12314470711665593,True,,high,low,off,,ok,,low,high|trend_off|dd_ok|vol_low,,de-risk,,,review exposure
2024-12-10 00:00:00+08:00,DCRU.SI,0.5199897885322571,-2.291776605068455,-0.4689695225039652,-1.6586438916879405,-0.27739131365408853,True,,high,low,off,,ok,,low,high|trend_off|dd_ok|vol_low,,de-risk,,,review exposure
2024-12-12 00:00:00+08:00,DCRU.SI,0.5199897885322571,-2.6175993961478237,-0.5036160090994347,-0.5812511996706728,-0.07202217462431204,True,,high,low,off,,ok,,low,high|trend_off|dd_ok|vol_low,,de-risk,,,review exposure
2024-12-16 00:00:00+08:00,DCRU.SI,0.5154681205749512,-1.8304403217909675,-0.3938172051751615,-0.8010458204805695,-0.14780453835883012,True,,high,low,off,,ok,,low,high|trend_off|dd_ok|vol_low,,de-risk,,,review exposure
2024-12-18 00:00:00+08:00,DCRU.SI,0.5199897885322571,-1.512447711243325,-0.3476737755027973,-0.5490650559621594,-0.09985791706192215,True,,high,low,off,,ok,,low,high|trend_off|dd_ok|vol_low,,de-risk,,,review exposure
2024-12-20 00:00:00+08:00,DCRU.SI,0.5199897885322571,-0.11783731660881895,-0.0701462927685993,-0.5101480116082203,-0.14360696558212827,True,,high,low,off,,ok,,low,high|trend_off|dd_ok|vol_low,,de-risk,,,review exposure
2024-12-27 00:00:00+08:00,DCRU.SI,0.524511456489563,-1.4285648938437754,-0.34532670326136905,-0.5421684729525315,-0.09568191846682117,True,,high,low,off,,ok,,low,high|trend_off|dd_ok|vol_low,,de-risk,,,review exposure
2025-01-03 00:00:00+08:00,DCRU.SI,0.524511456489563,-1.2275187466382254,-0.2984635976346476,-0.5530861187770469,-0.10542410052881035,True,,high,low,off,,ok,,low,high|trend_off|dd_ok|vol_low,,de-risk,,,review exposure
2025-01-06 00:00:00+08:00,DCRU.SI,0.5199897885322571,-1.7749872803730105,-0.3912496080021811,-0.5474685337347851,-0.09278601036753353,True,,high,low,off,,ok,,low,high|trend_off|dd_ok|vol_low,,de-risk,,,review exposure
2025-01-07 00:00:00+08:00,DCRU.SI,0.49285992980003357,-2.7880106728849787,-0.5841029094399703,-1.0130233925119683,-0.19285330143778923,True,,high,low,off,,ok,,low,high|trend_off|dd_ok|vol_low,,de-risk,,,review exposure
2025-01-10 00:00:00+08:00,DCRU.SI,0.5199897885322571,-2.014393616739376,-0.5036160090994347,-1.1043663764370892,-0.20723647904256282,True,,high,low,off,,ok,,low,high|trend_off|dd_ok|vol_low,,de-risk,,,review exposure
2025-01-13 00:00:00+08:00,DCRU.SI,0.48833826184272766,-3.3915605255847745,-0.7260650506862718,-1.3771669088453984,-0.2224490415868371,True,,high,low,off,,ok,,low,high|trend_off|dd_ok|vol_low,,de-risk,,,review exposure
2025-01-17 00:00:00+08:00,DCRU.SI,0.524511456489563,-0.5537837646718818,-0.24781585844087517,-0.37064233811052605,-0.11510940943875159,True,,high,low,off,,ok,,low,high|trend_off|dd_ok|vol_low,,de-risk,,,review exposure
2025-01-20 00:00:00+08:00,DCRU.SI,0.5154681205749512,-0.9237076283667198,-0.35005356298564116,-0.369923863694838,-0.102237704544766,True,,high,low,off,,ok,,low,high|trend_off|dd_ok|vol_low,,de-risk,,,review exposure
2025-01-27 00:00:00+08:00,DCRU.SI,0.49285992980003357,-0.838641769193808,-0.362440026260491,-1.2149449360645042,-0.43787801421824946,True,,high,low,off,,ok,,low,high|trend_off|dd_ok|vol_low,,de-risk,,,review exposure
2025-02-03 00:00:00+08:00,DCRU.SI,0.48833826184272766,-1.2045563464003632,-0.45132836894361217,-0.879344705183235,-0.25063297601532386,True,,high,low,off,,ok,,low,high|trend_off|dd_ok|vol_low,,de-risk,,,review exposure
2025-02-04 00:00:00+08:00,DCRU.SI,0.4702516198158264,-1.7195094465476015,-0.5702478337259052,-0.5149531001472383,-0.11891946478229298,True,,high,low,off,,ok,,low,high|trend_off|dd_ok|vol_low,,de-risk,,,review exposure
2025-02-05 00:00:00+08:00,DCRU.SI,0.4612083435058594,-2.8424169057979087,-0.7260656065004248,-1.1229074592503072,-0.1558177727745197,True,,high,low,off,,ok,,low,high|trend_off|dd_ok|vol_low,,de-risk,,,review exposure
2025-02-10 00:00:00+08:00,DCRU.SI,0.4702516198158264,-1.9396572010768696,-0.6003933549993077,-0.5389893442321254,-0.10471468438649456,True,,high,low,off,,ok,,low,high|trend_off|dd_ok|vol_low,,de-risk,,,review exposure
2025-02-21 00:00:00+08:00,DCRU.SI,0.5322768688201904,1.1470147033224363,0.5192532957920344,-0.8244491024070515,-0.6893855961186053,True,,high,low,off,,ok,,low,high|trend_off|dd_ok|vol_low,,de-risk,,,review exposure
2025-02-24 00:00:00+08:00,DCRU.SI,0.5182695984840393,-0.17835178913710711,-0.15858062702764553,-1.3253664924595434,-0.6778339228196799,True,,high,low,off,,ok,,low,high|trend_off|dd_ok|vol_low,,de-risk,,,review exposure
2025-02-27 00:00:00+08:00,DCRU.SI,0.480916827917099,-0.6575401260806066,-0.3014777409670386,-1.5228824651284674,-0.6108432963304673,True,,high,low,off,,ok,,low,high|trend_off|dd_ok|vol_low,,de-risk,,,review exposure
2025-03-03 00:00:00+08:00,DCRU.SI,0.5229386687278748,0.033440927737594765,-0.09274222307279889,-0.889651357027611,-0.5036172122432429,True,,high,low,off,,ok,,low,high|trend_off|dd_ok|vol_low,,de-risk,,,review exposure
2025-03-07 00:00:00+08:00,DCRU.SI,0.5322768688201904,0.4849241095481162,0.13139424337476457,-0.5842056744090838,-0.3858792308746162,True,,high,low,off,,ok,,low,high|trend_off|dd_ok|vol_low,,de-risk,,,review exposure
2025-03-13 00:00:00+08:00,DCRU.SI,0.5182695984840393,0.9570996133066978,0.41278012214315773,-0.6581277785039095,-0.4956589248461356,True,,high,low,off,,ok,,low,high|trend_off|dd_ok|vol_low,,de-risk,,,review exposure
2025-03-20 00:00:00+08:00,DCRU.SI,0.5089314579963684,1.6929026346854685,0.9425113585432001,-0.9069551491937273,-0.9299239314155692,True,,high,low,off,,ok,,low,high|trend_off|dd_ok|vol_low,,de-risk,,,review exposure
2025-03-27 00:00:00+08:00,DCRU.SI,0.49959325790405273,0.8179008428541356,0.3093652094157364,-1.0485262673390605,-0.797374276956889,True,,high,low,off,,ok,,low,high|trend_off|dd_ok|vol_low,,de-risk,,,review exposure
2025-03-28 00:00:00+08:00,DCRU.SI,0.4949240982532501,-0.25837257912538747,-0.17548483789365033,-1.076273421979523,-0.48485004730938674,True,,high,low,off,,ok,,low,high|trend_off|dd_ok|vol_low,,de-risk,,,review exposure
2025-04-01 00:00:00+08:00,DCRU.SI,0.480916827917099,-0.8070116848068637,-0.3521683184162867,-0.5486391056814762,-0.17668348052263638,True,,high,low,off,,ok,,low,high|trend_off|dd_ok|vol_low,,de-risk,,,review exposure
2025-04-04 00:00:00+08:00,DCRU.SI,0.46224045753479004,-2.7962035367813485,-0.7358268892193811,-1.5346188449902165,-0.275500174154247,True,,high,low,off,,ok,,low,high|trend_off|dd_ok|vol_low,,de-risk,,,review exposure
2025-04-07 00:00:00+08:00,DCRU.SI,0.42955681681632996,-3.5073247249111525,-0.834873268431937,-0.7111211881298041,-0.09904637921255588,True,,high,low,off,,ok,,low,high|trend_off|dd_ok|vol_low,,de-risk,,,review exposure
2025-04-14 00:00:00+08:00,DCRU.SI,0.4435640871524811,-3.280303177800042,-0.7671804579000551,-1.632288609877629,-0.154425074503031,True,,high,low,off,,ok,,low,high|trend_off|dd_ok|vol_low,,de-risk,,,review exposure
2025-04-21 00:00:00+08:00,DCRU.SI,0.4482331871986389,-3.659489955652905,-0.7806101430523882,-1.1451487617145615,-0.09930847718735936,True,,high,low,off,,ok,,low,high|trend_off|dd_ok|vol_low,,de-risk,,,review exposure
2025-04-24 00:00:00+08:00,DCRU.SI,0.43889498710632324,-4.075475693277325,-0.8161718208665523,-0.43031426316545485,-0.032382817313778456,True,,high,low,off,,ok,,low,high|trend_off|dd_ok|vol_low,,de-risk,,,review exposure
2025-04-29 00:00:00+08:00,DCRU.SI,0.43889498710632324,-3.2971098549566,-0.7525080675971186,-0.4207798451840796,-0.04787747125171171,True,,high,low,off,,ok,,low,high|trend_off|dd_ok|vol_low,,de-risk,,,review exposure
2025-05-07 00:00:00+08:00,DCRU.SI,0.480916827917099,-1.129538262766537,-0.4665181914500648,-0.8441526928466279,-0.25753580767578166,True,,high,low,off,,ok,,low,high|trend_off|dd_ok|vol_low,,de-risk,,,review exposure
2025-05-19 00:00:00+08:00,DCRU.SI,0.4669095575809479,-0.4442880579000824,-0.28068347185144915,-0.8458594455095327,-0.36522802452310865,True,,high,low,off,,ok,,low,high|trend_off|dd_ok|vol_low,,de-risk,,,review exposure
2025-05-23 00:00:00+08:00,DCRU.SI,0.4715786576271057,1.8493234977647215,1.0000590546185801,-0.4186950494018715,-0.37910044964514755,True,,high,low,off,,ok,,low,high|trend_off|dd_ok|vol_low,,de-risk,,,review exposure
2025-05-26 00:00:00+08:00,DCRU.SI,0.46224045753479004,1.4371458001321282,0.6907478506514366,-0.41217769763259327,-0.3093112039671435,True,,high,low,off,,ok,,low,high|trend_off|dd_ok|vol_low,,de-risk,,,review exposure
2025-05-27 00:00:00+08:00,DCRU.SI,0.45290228724479675,0.19858997081241841,0.0,-1.2385558293197099,-0.6907478506514366,True,,high,low,off,,ok,,low,high|trend_off|dd_ok|vol_low,,de-risk,,,review exposure
2025-05-29 00:00:00+08:00,DCRU.SI,0.46224045753479004,1.1058901975548439,0.4140255397281116,-0.4615515663443255,-0.286100081650986,True,,high,low,off,,ok,,low,high|trend_off|dd_ok|vol_low,,de-risk,,,review exposure
2025-06-03 00:00:00+08:00,DCRU.SI,0.4575713574886322,0.6382784654109397,0.18910583434415495,-0.6918286921115109,-0.34947973322052706,True,,high,low,off,,ok,,low,high|trend_off|dd_ok|vol_low,,de-risk,,,review exposure
2025-06-06 00:00:00+08:00,DCRU.SI,0.47624775767326355,1.7013673514350243,0.8170344675972785,-0.664080099699502,-0.520758056768339,True,,high,low,off,,ok,,low,high|trend_off|dd_ok|vol_low,,de-risk,,,review exposure
2025-06-11 00:00:00+08:00,DCRU.SI,0.4715786576271057,1.272143393974731,0.5318672090008456,-0.4374924257073931,-0.2851672585964329,True,,high,low,off,,ok,,low,high|trend_off|dd_ok|vol_low,,de-risk,,,review exposure
2025-06-13 00:00:00+08:00,DCRU.SI,0.47624775767326355,0.6457538962327536,0.18097719483573083,-1.5088336576450219,-0.9745751230535784,True,,high,low,off,,ok,,low,high|trend_off|dd_ok|vol_low,,de-risk,,,review exposure
2025-06-17 00:00:00+08:00,DCRU.SI,0.480916827917099,-0.5492187463131366,-0.21428772767655557,-0.9497244738708508,-0.297989726580707,True,,high,low,off,,ok,,low,high|trend_off|dd_ok|vol_low,,de-risk,,,review exposure
2025-06-18 00:00:00+08:00,DCRU.SI,0.4669095575809479,-1.2361318440702689,-0.3870416389402377,-0.6869130977571323,-0.17275391126368211,True,,high,low,off,,ok,,low,high|trend_off|dd_ok|vol_low,,de-risk,,,review exposure
2025-06-20 00:00:00+08:00,DCRU.SI,0.46224045753479004,-0.7973578983376555,-0.28302661207401414,-0.47776086105086796,-0.13116556779672517,True,,high,low,off,,ok,,low,high|trend_off|dd_ok|vol_low,,de-risk,,,review exposure
2025-06-24 00:00:00+08:00,DCRU.SI,0.480916827917099,-1.0573251897646698,-0.32845898499095827,-0.5082532253672674,-0.1085898072411593,True,,high,low,off,,ok,,low,high|trend_off|dd_ok|vol_low,,de-risk,,,review exposure
2025-07-01 00:00:00+08:00,DCRU.SI,0.49959325790405273,1.164048045411895,0.37718219059213687,-0.4935610684686542,-0.2542499971849739,True,,high,low,off,,ok,,low,high|trend_off|dd_ok|vol_low,,de-risk,,,review exposure
2025-07-02 00:00:00+08:00,DCRU.SI,0.49959325790405273,0.6584051865286779,0.17174774410938354,-0.5056428588832172,-0.20543444648275333,True,,high,low,off,,ok,,low,high|trend_off|dd_ok|vol_low,,de-risk,,,review exposure
2025-07-17 00:00:00+08:00,DCRU.SI,0.5136005282402039,1.8789877824662216,0.6018384002324306,-0.5402353914061959,-0.2952313399520201,True,,high,low,off,,ok,,low,high|trend_off|dd_ok|vol_low,,de-risk,,,review exposure
2025-07-24 00:00:00+08:00,DCRU.SI,0.49959325790405273,1.265021355554612,0.37718219059213687,-1.8555700517747709,-0.8329251856152913,True,,high,low,off,,ok,,low,high|trend_off|dd_ok|vol_low,,de-risk,,,review exposure
2025-07-28 00:00:00+08:00,DCRU.SI,0.504262387752533,1.0055223702255016,0.26698124303187476,-0.5573426437762143,-0.22781655618917562,True,,high,low,off,,ok,,low,high|trend_off|dd_ok|vol_low,,de-risk,,,review exposure
2025-07-31 00:00:00+08:00,DCRU.SI,0.5069999694824219,2.5611464423011667,0.8374344177117861,-0.6768665040587116,-0.3257352548819954,True,,high,low,off,,ok,,low,high|trend_off|dd_ok|vol_low,,de-risk,,,review exposure
2025-08-05 00:00:00+08:00,DCRU.SI,0.5021713972091675,1.6609369876753046,0.43803278658314415,-0.9194138058982091,-0.4052898274821459,True,,high,low,off,,ok,,low,high|trend_off|dd_ok|vol_low,,de-risk,,,review exposure
2025-08-07 00:00:00+08:00,DCRU.SI,0.4925142824649811,0.9991614379677333,0.22160382634312015,-1.0646329037963724,-0.34173965007297435,True,,high,low,off,,ok,,low,high|trend_off|dd_ok|vol_low,,de-risk,,,review exposure
2025-08-08 00:00:00+08:00,DCRU.SI,0.5021713972091675,0.31183153937577757,0.044184855429217906,-0.6873298985919557,-0.17741897091390224,True,,high,low,off,,ok,,low,high|trend_off|dd_ok|vol_low,,de-risk,,,review exposure
2025-08-12 00:00:00+08:00,DCRU.SI,0.4925142824649811,-0.49340531163204876,-0.11296861469151276,-0.7938867401774347,-0.15477005498244378,True,,high,low,off,,ok,,low,high|trend_off|dd_ok|vol_low,,de-risk,,,review exposure
2025-08-18 00:00:00+08:00,DCRU.SI,0.4828571379184723,-0.5438357769458496,-0.11990073860801553,-0.40662588333840655,-0.07366606741257631,True,,high,low,off,,ok,,low,high|trend_off|dd_ok|vol_low,,de-risk,,,review exposure
2025-08-22 00:00:00+08:00,DCRU.SI,0.4876857101917267,-0.523215958885125,-0.11640751935458615,-0.4021436257631198,-0.07322963079630473,True,,high,low,off,,ok,,low,high|trend_off|dd_ok|vol_low,,de-risk,,,review exposure
2025-08-27 00:00:00+08:00,DCRU.SI,0.4973428249359131,-0.9242047747125905,-0.1759167081205495,-1.221934526341725,-0.21771814841148052,True,,high,low,off,,ok,,low,high|trend_off|dd_ok|vol_low,,de-risk,,,review exposure
2025-08-28 00:00:00+08:00,DCRU.SI,0.4973428249359131,-1.345526835498233,-0.2367701999248234,-0.4213220607856425,-0.06085349180427391,True,,high,low,off,,ok,,low,high|trend_off|dd_ok|vol_low,,de-risk,,,review exposure
2025-08-29 00:00:00+08:00,DCRU.SI,0.4925142824649811,-1.7639854864096356,-0.296823600241101,-0.41845865091140255,-0.060053400316277594,True,,high,low,off,,ok,,low,high|trend_off|dd_ok|vol_low,,de-risk,,,review exposure
2025-09-02 00:00:00+08:00,DCRU.SI,0.4973428249359131,-2.096047733566584,-0.34397130029341794,-0.40696808596991163,-0.05546360975159892,True,,high,low,off,,ok,,low,high|trend_off|dd_ok|vol_low,,de-risk,,,review exposure
2025-09-05 00:00:00+08:00,DCRU.SI,0.4876857101917267,-1.1484629377075,-0.18342312477078793,-0.4903489736089468,-0.07045451007927517,True,,high,low,off,,ok,,low,high|trend_off|dd_ok|vol_low,,de-risk,,,review exposure
2025-09-09 00:00:00+08:00,DCRU.SI,0.4973428249359131,-1.051076470759182,-0.1759167081205495,-0.46411310154039287,-0.06633476737017374,True,,high,low,off,,ok,,low,high|trend_off|dd_ok|vol_low,,de-risk,,,review exposure
2025-09-16 00:00:00+08:00,DCRU.SI,0.5021713972091675,0.07859426081220017,0.0,-0.49915483792275667,-0.08370248772275635,True,,high,low,off,,ok,,low,high|trend_off|dd_ok|vol_low,,de-risk,,,review exposure
2025-09-18 00:00:00+08:00,DCRU.SI,0.4925142824649811,0.08101449496268781,0.0,-0.501700783989254,-0.08454448681346594,True,,high,low,off,,ok,,low,high|trend_off|dd_ok|vol_low,,de-risk,,,review exposure
2025-09-19 00:00:00+08:00,DCRU.SI,0.4876857101917267,-1.4618861026052046,-0.2179767107486419,-1.5429005975678924,-0.2179767107486419,True,,high,low,off,,ok,,low,high|trend_off|dd_ok|vol_low,,de-risk,,,review exposure
2025-09-22 00:00:00+08:00,DCRU.SI,0.4780285656452179,-1.9095319687219379,-0.2830264419522138,-0.4476458661167333,-0.06504973120357194,True,,high,low,off,,ok,,low,high|trend_off|dd_ok|vol_low,,de-risk,,,review exposure
2025-09-24 00:00:00+08:00,DCRU.SI,0.4731999933719635,-1.8078951799515055,-0.2854089607431881,-0.9007083294855407,-0.13216547015800106,True,,high,low,off,,ok,,low,high|trend_off|dd_ok|vol_low,,de-risk,,,review exposure
2025-09-29 00:00:00+08:00,DCRU.SI,0.4587142765522003,-2.119819534295164,-0.3500525429819661,-1.2286512493714483,-0.19396815663418399,True,,high,low,off,,ok,,low,high|trend_off|dd_ok|vol_low,,de-risk,,,review exposure
2025-10-02 00:00:00+08:00,DCRU.SI,0.4587142765522003,-2.5927015071153554,-0.40216862672282283,-0.4728819728201912,-0.052116083740856745,True,,high,low,off,,ok,,low,high|trend_off|dd_ok|vol_low,,de-risk,,,review exposure
2025-10-06 00:00:00+08:00,DCRU.SI,0.4538857042789459,-4.141618806885096,-0.5360817702565901,-1.5489172997697405,-0.13391314353376726,True,,high,low,off,,ok,,low,high|trend_off|dd_ok|vol_low,,de-risk,,,review exposure
2025-10-08 00:00:00+08:00,DCRU.SI,0.44905713200569153,-4.606560029116268,-0.5759430079877474,-0.4649412222311726,-0.03986123773115735,True,,high,low,off,,ok,,low,high|trend_off|dd_ok|vol_low,,de-risk,,,review exposure
2025-10-21 00:00:00+08:00,DCRU.SI,0.4635428488254547,-3.1206769810013335,-0.446336567577049,-0.5281893926017824,-0.04416794085422615,True,,high,low,off,,ok,,low,high|trend_off|dd_ok|vol_low,,de-risk,,,review exposure
2025-10-24 00:00:00+08:00,DCRU.SI,0.4876857101917267,-0.8950217298733557,-0.2179767107486419,-0.3355059122936245,-0.0674732157940704,True,,high,low,off,,ok,,low,high|trend_off|dd_ok|vol_low,,de-risk,,,review exposure
2025-10-29 00:00:00+08:00,DCRU.SI,0.5069999694824219,0.4154567366985729,0.08370248772275635,-0.562731353875866,-0.18327784877390485,True,,high,low,off,,ok,,low,high|trend_off|dd_ok|vol_low,,de-risk,,,review exposure
2025-11-05 00:00:00+08:00,DCRU.SI,0.4828571379184723,0.13713660861381008,0.0,-0.5864588954014943,-0.1829432723106994,True,,high,low,off,,ok,,low,high|trend_off|dd_ok|vol_low,,de-risk,,,review exposure
2025-11-12 00:00:00+08:00,DCRU.SI,0.4828571379184723,1.691953155411065,0.5385859106026987,-0.6595598543784551,-0.2784487309922088,True,,high,low,off,,ok,,low,high|trend_off|dd_ok|vol_low,,de-risk,,,review exposure
2025-11-14 00:00:00+08:00,DCRU.SI,0.4780285656452179,1.3542270127309102,0.41402594765014067,-0.6348827655648033,-0.2586865339953519,True,,high,low,off,,ok,,low,high|trend_off|dd_ok|vol_low,,de-risk,,,review exposure
2025-11-19 00:00:00+08:00,DCRU.SI,0.4731999933719635,1.3558922319439224,0.4191395216946614,-0.307146983472792,-0.12633446936695125,True,,high,low,off,,ok,,low,high|trend_off|dd_ok|vol_low,,de-risk,,,review exposure
2025-11-25 00:00:00+08:00,DCRU.SI,0.4731999933719635,1.3981829096859226,0.4191395216946614,-0.6158768307866211,-0.2809863892655191,True,,high,low,off,,ok,,low,high|trend_off|dd_ok|vol_low,,de-risk,,,review exposure
2025-11-28 00:00:00+08:00,DCRU.SI,0.4876857101917267,1.875265163302741,0.6727124816454926,-0.5886834740953952,-0.31323394607712784,True,,high,low,off,,ok,,low,high|trend_off|dd_ok|vol_low,,de-risk,,,review exposure
2025-12-03 00:00:00+08:00,DCRU.SI,0.4828571379184723,1.003864778190706,0.29156783514883333,-0.5790379917225033,-0.24029971695886765,True,,high,low,off,,ok,,low,high|trend_off|dd_ok|vol_low,,de-risk,,,review exposure
2025-12-04 00:00:00+08:00,DCRU.SI,0.4780285656452179,-0.8523581160251413,-0.22179472241157983,-1.8562228942158474,-0.5133625575604132,True,,high,low,off,,ok,,low,high|trend_off|dd_ok|vol_low,,de-risk,,,review exposure
2025-12-08 00:00:00+08:00,DCRU.SI,0.4780285656452179,-1.6158464440875595,-0.3389173364807302,-1.0810484855577043,-0.18426641061397486,True,,high,low,off,,ok,,low,high|trend_off|dd_ok|vol_low,,de-risk,,,review exposure
2025-12-09 00:00:00+08:00,DCRU.SI,0.4828571379184723,-2.9712135491966265,-0.47610989545453464,-1.355367105109067,-0.13719255897380445,True,,high,low,off,,ok,,low,high|trend_off|dd_ok|vol_low,,de-risk,,,review exposure
2025-12-12 00:00:00+08:00,DCRU.SI,0.4828571379184723,-1.1076273252203759,-0.2198690437610361,-0.38721636785490077,-0.06936554880646462,True,,high,low,off,,ok,,low,high|trend_off|dd_ok|vol_low,,de-risk,,,review exposure
2025-12-16 00:00:00+08:00,DCRU.SI,0.4683714509010315,-1.4663000841297267,-0.2878307257206253,-0.3586727589093508,-0.06796168195958918,True,,high,low,off,,ok,,low,high|trend_off|dd_ok|vol_low,,de-risk,,,review exposure
2025-12-18 00:00:00+08:00,DCRU.SI,0.4828571379184723,-0.5730248558813675,-0.15324349058518705,-1.0299776233259095,-0.24041871435299977,True,,high,low,off,,ok,,low,high|trend_off|dd_ok|vol_low,,de-risk,,,review exposure
2025-12-19 00:00:00+08:00,DCRU.SI,0.4731999933719635,-0.908370927913974,-0.2237538207249915,-0.33534607203260647,-0.07051033013980446,True,,high,low,off,,ok,,low,high|trend_off|dd_ok|vol_low,,de-risk,,,review exposure
2025-12-23 00:00:00+08:00,DCRU.SI,0.4780285656452179,-0.8976215618966626,-0.22179472241157983,-0.34153527881344503,-0.0671437965448245,True,,high,low,off,,ok,,low,high|trend_off|dd_ok|vol_low,,de-risk,,,review exposure
2025-12-26 00:00:00+08:00,DCRU.SI,0.4828571379184723,-0.2326608843975486,-0.08018507215947279,-0.3487131146622716,-0.08018507215947279,True,,high,low,off,,ok,,low,high|trend_off|dd_ok|vol_low,,de-risk,,,review exposure
2025-12-30 00:00:00+08:00,DCRU.SI,0.4828571379184723,0.11066268644066876,0.0,-0.3632957036997795,-0.08808888065990295,True,,high,low,off,,ok,,low,high|trend_off|dd_ok|vol_low,,de-risk,,,review exposure
2026-01-06 00:00:00+08:00,DCRU.SI,0.5166571736335754,2.526325004081015,1.091823150792151,-0.5610967817964472,-0.35207905302767983,True,,high,low,off,,ok,,low,high|trend_off|dd_ok|vol_low,,de-risk,,,review exposure
2026-01-12 00:00:00+08:00,DCRU.SI,0.5263143181800842,2.056861214803437,0.7463906156696247,-0.7189080675429929,-0.5154436679601975,True,,high,low,off,,ok,,low,high|trend_off|dd_ok|vol_low,,de-risk,,,review exposure
2026-01-21 00:00:00+08:00,DCRU.SI,0.5263143181800842,2.874387327708631,1.2441258957810115,-0.5904935633010719,-0.37030554774242885,True,,high,low,off,,ok,,low,high|trend_off|dd_ok|vol_low,,de-risk,,,review exposure
2026-01-30 00:00:00+08:00,DCRU.SI,0.5214857459068298,2.3422238909895414,0.7557402208208759,-1.0488811461743452,-0.7096009336363454,True,,high,low,off,,ok,,low,high|trend_off|dd_ok|vol_low,,de-risk,,,review exposure
2026-02-02 00:00:00+08:00,DCRU.SI,0.5069999694824219,1.6677170821101583,0.5065721325455743,-0.6745068088793831,-0.24916808827530157,True,,high,low,off,,ok,,low,high|trend_off|dd_ok|vol_low,,de-risk,,,review exposure
2026-02-04 00:00:00+08:00,DCRU.SI,0.5118285417556763,2.3501293407435857,0.7751434987979984,-0.32344297459176463,-0.15802661298801812,True,,high,low,off,,ok,,low,high|trend_off|dd_ok|vol_low,,de-risk,,,review exposure
2026-02-05 00:00:00+08:00,DCRU.SI,0.5069999694824219,2.0254576109687474,0.6392843853349159,-0.32467172977483827,-0.13585911346308244,True,,high,low,off,,ok,,low,high|trend_off|dd_ok|vol_low,,de-risk,,,review exposure
2026-02-06 00:00:00+08:00,DCRU.SI,0.5021713972091675,1.3863722522620192,0.3902082440646777,-0.6390853587067282,-0.24907614127023825,True,,high,low,off,,ok,,low,high|trend_off|dd_ok|vol_low,,de-risk,,,review exposure
2026-02-12 00:00:00+08:00,DCRU.SI,0.5199999809265137,1.8426427546594937,0.5780101334554228,-0.58609673502239,-0.2855836103304661,True,,high,low,off,,ok,,low,high|trend_off|dd_ok|vol_low,,de-risk,,,review exposure
2026-02-16 00:00:00+08:00,DCRU.SI,0.5199999809265137,-0.4931536810218857,-0.09641627749450465,-2.335796435681379,-0.6744264109499275,True,,high,low,off,,ok,,low,high|trend_off|dd_ok|vol_low,,de-risk,,,review exposure
